tier	accession	strain	set	oligo	role	length	class	eff_mm	mm_positions	gap_cols	primer3prime_mm	contig	strand	start	end	loci_le2mm
quality-review	GCF_000441635.1	RC-F(s)/852	mutL	mutL_F	F	20	EXACT	0		0	0	NC_021888.1	-	651556	651575	1
quality-review	GCF_000441635.1	RC-F(s)/852	mutL	mutL_R	R	20	EXACT	0		0	0	NC_021888.1	+	651449	651468	1
quality-review	GCF_000441635.1	RC-F(s)/852	mutL	mutL_probe	probe	22	EXACT	0		0	0	NC_021888.1	-	651507	651528	2
quality-review	GCF_000441635.1	RC-F(s)/852	aroB_primary	aroB_F	F	20	EXACT	0		0	0	NC_021888.1	+	425025	425044	1
quality-review	GCF_000441635.1	RC-F(s)/852	aroB_primary	aroB_R	R	20	EXACT	0		0	0	NC_021888.1	-	425149	425168	1
quality-review	GCF_000441635.1	RC-F(s)/852	aroB_primary	aroB_probe	probe	25	EXACT	0		0	0	NC_021888.1	+	425115	425139	1
quality-review	GCF_000441635.1	RC-F(s)/852	aroB_alt1	aroB_alt1_F	F	19	EXACT	0		0	0	NC_021888.1	+	424674	424692	1
quality-review	GCF_000441635.1	RC-F(s)/852	aroB_alt1	aroB_alt1_R	R	20	EXACT	0		0	0	NC_021888.1	-	424755	424774	1
quality-review	GCF_000441635.1	RC-F(s)/852	aroB_alt1	aroB_alt1_probe	probe	27	EXACT	0		0	0	NC_021888.1	+	424693	424719	1
quality-review	GCF_000441635.1	RC-F(s)/852	aroB_alt2	aroB_alt2_F	F	21	EXACT	0		0	0	NC_021888.1	+	425650	425670	1
quality-review	GCF_000441635.1	RC-F(s)/852	aroB_alt2	aroB_alt2_R	R	20	EXACT	0		0	0	NC_021888.1	-	425712	425731	1
quality-review	GCF_000441635.1	RC-F(s)/852	aroB_alt2	aroB_alt2_probe	probe	25	EXACT	0		0	0	NC_021888.1	+	425682	425706	1
quality-review	GCF_000441635.1	RC-F(s)/852	PSD2_primary	PSD2_F	F	20	EXACT	0		0	0	NC_021888.1	+	806208	806227	1
quality-review	GCF_000441635.1	RC-F(s)/852	PSD2_primary	PSD2_R	R	20	EXACT	0		0	0	NC_021888.1	-	806402	806421	1
quality-review	GCF_000441635.1	RC-F(s)/852	PSD2_primary	PSD2_probe	probe	22	EXACT	0		0	0	NC_021888.1	+	806356	806377	1
quality-review	GCF_000441635.1	RC-F(s)/852	PSD2_alt1	PSD2_alt1_F	F	20	EXACT	0		0	0	NC_021888.1	+	805791	805810	1
quality-review	GCF_000441635.1	RC-F(s)/852	PSD2_alt1	PSD2_alt1_R	R	19	EXACT	0		0	0	NC_021888.1	-	805854	805872	1
quality-review	GCF_000441635.1	RC-F(s)/852	PSD2_alt1	PSD2_alt1_probe	probe	28	EXACT	0		0	0	NC_021888.1	+	805826	805853	1
quality-review	GCF_000441635.1	RC-F(s)/852	group_306	group_306_F	F	20	EXACT	0		0	0	NC_021888.1	-	1056537	1056556	1
quality-review	GCF_000441635.1	RC-F(s)/852	group_306	group_306_R	R	20	EXACT	0		0	0	NC_021888.1	+	1056467	1056486	1
quality-review	GCF_000441635.1	RC-F(s)/852	group_306	group_306_probe	probe	22	EXACT	0		0	0	NC_021888.1	-	1056489	1056510	1
quality-review	GCF_000441715.1	RC-F(s)/342	mutL	mutL_F	F	20	EXACT	0		0	0	NC_021890.1	-	651516	651535	1
quality-review	GCF_000441715.1	RC-F(s)/342	mutL	mutL_R	R	20	EXACT	0		0	0	NC_021890.1	+	651409	651428	1
quality-review	GCF_000441715.1	RC-F(s)/342	mutL	mutL_probe	probe	22	EXACT	0		0	0	NC_021890.1	-	651467	651488	2
quality-review	GCF_000441715.1	RC-F(s)/342	aroB_primary	aroB_F	F	20	EXACT	0		0	0	NC_021890.1	+	424984	425003	1
quality-review	GCF_000441715.1	RC-F(s)/342	aroB_primary	aroB_R	R	20	EXACT	0		0	0	NC_021890.1	-	425108	425127	1
quality-review	GCF_000441715.1	RC-F(s)/342	aroB_primary	aroB_probe	probe	25	EXACT	0		0	0	NC_021890.1	+	425074	425098	1
quality-review	GCF_000441715.1	RC-F(s)/342	aroB_alt1	aroB_alt1_F	F	19	EXACT	0		0	0	NC_021890.1	+	424633	424651	1
quality-review	GCF_000441715.1	RC-F(s)/342	aroB_alt1	aroB_alt1_R	R	20	EXACT	0		0	0	NC_021890.1	-	424714	424733	1
quality-review	GCF_000441715.1	RC-F(s)/342	aroB_alt1	aroB_alt1_probe	probe	27	EXACT	0		0	0	NC_021890.1	+	424652	424678	1
quality-review	GCF_000441715.1	RC-F(s)/342	aroB_alt2	aroB_alt2_F	F	21	EXACT	0		0	0	NC_021890.1	+	425609	425629	1
quality-review	GCF_000441715.1	RC-F(s)/342	aroB_alt2	aroB_alt2_R	R	20	EXACT	0		0	0	NC_021890.1	-	425671	425690	1
quality-review	GCF_000441715.1	RC-F(s)/342	aroB_alt2	aroB_alt2_probe	probe	25	EXACT	0		0	0	NC_021890.1	+	425641	425665	1
quality-review	GCF_000441715.1	RC-F(s)/342	PSD2_primary	PSD2_F	F	20	EXACT	0		0	0	NC_021890.1	+	806168	806187	1
quality-review	GCF_000441715.1	RC-F(s)/342	PSD2_primary	PSD2_R	R	20	EXACT	0		0	0	NC_021890.1	-	806362	806381	1
quality-review	GCF_000441715.1	RC-F(s)/342	PSD2_primary	PSD2_probe	probe	22	EXACT	0		0	0	NC_021890.1	+	806316	806337	1
quality-review	GCF_000441715.1	RC-F(s)/342	PSD2_alt1	PSD2_alt1_F	F	20	EXACT	0		0	0	NC_021890.1	+	805751	805770	1
quality-review	GCF_000441715.1	RC-F(s)/342	PSD2_alt1	PSD2_alt1_R	R	19	EXACT	0		0	0	NC_021890.1	-	805814	805832	1
quality-review	GCF_000441715.1	RC-F(s)/342	PSD2_alt1	PSD2_alt1_probe	probe	28	EXACT	0		0	0	NC_021890.1	+	805786	805813	1
quality-review	GCF_000441715.1	RC-F(s)/342	group_306	group_306_F	F	20	EXACT	0		0	0	NC_021890.1	-	1056486	1056505	1
quality-review	GCF_000441715.1	RC-F(s)/342	group_306	group_306_R	R	20	EXACT	0		0	0	NC_021890.1	+	1056416	1056435	1
quality-review	GCF_000441715.1	RC-F(s)/342	group_306	group_306_probe	probe	22	EXACT	0		0	0	NC_021890.1	-	1056438	1056459	1
quality-review	GCF_000441735.1	RC-J(s)/122	mutL	mutL_F	F	20	EXACT	0		0	0	NC_021891.1	-	651633	651652	1
quality-review	GCF_000441735.1	RC-J(s)/122	mutL	mutL_R	R	20	EXACT	0		0	0	NC_021891.1	+	651526	651545	1
quality-review	GCF_000441735.1	RC-J(s)/122	mutL	mutL_probe	probe	22	EXACT	0		0	0	NC_021891.1	-	651584	651605	2
quality-review	GCF_000441735.1	RC-J(s)/122	aroB_primary	aroB_F	F	20	EXACT	0		0	0	NC_021891.1	+	424927	424946	1
quality-review	GCF_000441735.1	RC-J(s)/122	aroB_primary	aroB_R	R	20	EXACT	0		0	0	NC_021891.1	-	425051	425070	1
quality-review	GCF_000441735.1	RC-J(s)/122	aroB_primary	aroB_probe	probe	25	EXACT	0		0	0	NC_021891.1	+	425017	425041	1
quality-review	GCF_000441735.1	RC-J(s)/122	aroB_alt1	aroB_alt1_F	F	19	EXACT	0		0	0	NC_021891.1	+	424576	424594	1
quality-review	GCF_000441735.1	RC-J(s)/122	aroB_alt1	aroB_alt1_R	R	20	EXACT	0		0	0	NC_021891.1	-	424657	424676	1
quality-review	GCF_000441735.1	RC-J(s)/122	aroB_alt1	aroB_alt1_probe	probe	27	EXACT	0		0	0	NC_021891.1	+	424595	424621	1
quality-review	GCF_000441735.1	RC-J(s)/122	aroB_alt2	aroB_alt2_F	F	21	EXACT	0		0	0	NC_021891.1	+	425552	425572	1
quality-review	GCF_000441735.1	RC-J(s)/122	aroB_alt2	aroB_alt2_R	R	20	EXACT	0		0	0	NC_021891.1	-	425614	425633	1
quality-review	GCF_000441735.1	RC-J(s)/122	aroB_alt2	aroB_alt2_probe	probe	25	EXACT	0		0	0	NC_021891.1	+	425584	425608	1
quality-review	GCF_000441735.1	RC-J(s)/122	PSD2_primary	PSD2_F	F	20	EXACT	0		0	0	NC_021891.1	+	806314	806333	1
quality-review	GCF_000441735.1	RC-J(s)/122	PSD2_primary	PSD2_R	R	20	EXACT	0		0	0	NC_021891.1	-	806508	806527	1
quality-review	GCF_000441735.1	RC-J(s)/122	PSD2_primary	PSD2_probe	probe	22	EXACT	0		0	0	NC_021891.1	+	806462	806483	1
quality-review	GCF_000441735.1	RC-J(s)/122	PSD2_alt1	PSD2_alt1_F	F	20	EXACT	0		0	0	NC_021891.1	+	805897	805916	1
quality-review	GCF_000441735.1	RC-J(s)/122	PSD2_alt1	PSD2_alt1_R	R	19	EXACT	0		0	0	NC_021891.1	-	805960	805978	1
quality-review	GCF_000441735.1	RC-J(s)/122	PSD2_alt1	PSD2_alt1_probe	probe	28	EXACT	0		0	0	NC_021891.1	+	805932	805959	1
quality-review	GCF_000441735.1	RC-J(s)/122	group_306	group_306_F	F	20	EXACT	0		0	0	NC_021891.1	-	1034546	1034565	1
quality-review	GCF_000441735.1	RC-J(s)/122	group_306	group_306_R	R	20	EXACT	0		0	0	NC_021891.1	+	1034476	1034495	1
quality-review	GCF_000441735.1	RC-J(s)/122	group_306	group_306_probe	probe	22	EXACT	0		0	0	NC_021891.1	-	1034498	1034519	1
quality-review	GCF_001183765.1	D/CS637/11	mutL	mutL_F	F	20	EXACT	0		0	0	NZ_CP007131.1	-	648757	648776	1
quality-review	GCF_001183765.1	D/CS637/11	mutL	mutL_R	R	20	EXACT	0		0	0	NZ_CP007131.1	+	648650	648669	1
quality-review	GCF_001183765.1	D/CS637/11	mutL	mutL_probe	probe	22	EXACT	0		0	0	NZ_CP007131.1	-	648708	648729	1
quality-review	GCF_001183765.1	D/CS637/11	aroB_primary	aroB_F	F	20	EXACT	0		0	0	NZ_CP007131.1	+	422063	422082	1
quality-review	GCF_001183765.1	D/CS637/11	aroB_primary	aroB_R	R	20	EXACT	0		0	0	NZ_CP007131.1	-	422187	422206	1
quality-review	GCF_001183765.1	D/CS637/11	aroB_primary	aroB_probe	probe	25	EXACT	0		0	0	NZ_CP007131.1	+	422153	422177	1
quality-review	GCF_001183765.1	D/CS637/11	aroB_alt1	aroB_alt1_F	F	19	EXACT	0		0	0	NZ_CP007131.1	+	421712	421730	1
quality-review	GCF_001183765.1	D/CS637/11	aroB_alt1	aroB_alt1_R	R	20	EXACT	0		0	0	NZ_CP007131.1	-	421793	421812	1
quality-review	GCF_001183765.1	D/CS637/11	aroB_alt1	aroB_alt1_probe	probe	27	EXACT	0		0	0	NZ_CP007131.1	+	421731	421757	1
quality-review	GCF_001183765.1	D/CS637/11	aroB_alt2	aroB_alt2_F	F	21	EXACT	0		0	0	NZ_CP007131.1	+	422688	422708	1
quality-review	GCF_001183765.1	D/CS637/11	aroB_alt2	aroB_alt2_R	R	20	EXACT	0		0	0	NZ_CP007131.1	-	422750	422769	1
quality-review	GCF_001183765.1	D/CS637/11	aroB_alt2	aroB_alt2_probe	probe	25	EXACT	0		0	0	NZ_CP007131.1	+	422720	422744	1
quality-review	GCF_001183765.1	D/CS637/11	PSD2_primary	PSD2_F	F	20	EXACT	0		0	0	NZ_CP007131.1	+	803423	803442	1
quality-review	GCF_001183765.1	D/CS637/11	PSD2_primary	PSD2_R	R	20	EXACT	0		0	0	NZ_CP007131.1	-	803617	803636	1
quality-review	GCF_001183765.1	D/CS637/11	PSD2_primary	PSD2_probe	probe	22	EXACT	0		0	0	NZ_CP007131.1	+	803571	803592	1
quality-review	GCF_001183765.1	D/CS637/11	PSD2_alt1	PSD2_alt1_F	F	20	EXACT	0		0	0	NZ_CP007131.1	+	803006	803025	1
quality-review	GCF_001183765.1	D/CS637/11	PSD2_alt1	PSD2_alt1_R	R	19	EXACT	0		0	0	NZ_CP007131.1	-	803069	803087	1
quality-review	GCF_001183765.1	D/CS637/11	PSD2_alt1	PSD2_alt1_probe	probe	28	EXACT	0		0	0	NZ_CP007131.1	+	803041	803068	1
quality-review	GCF_001183765.1	D/CS637/11	group_306	group_306_F	F	20	EXACT	0		0	0	NZ_CP007131.1	-	1015926	1015945	1
quality-review	GCF_001183765.1	D/CS637/11	group_306	group_306_R	R	20	EXACT	0		0	0	NZ_CP007131.1	+	1015856	1015875	1
quality-review	GCF_001183765.1	D/CS637/11	group_306	group_306_probe	probe	22	EXACT	0		0	0	NZ_CP007131.1	-	1015878	1015899	1
quality-review	GCF_001183805.1	E/CS1025/11	mutL	mutL_F	F	20	EXACT	0		0	0	NZ_CP010567.1	-	649048	649067	1
quality-review	GCF_001183805.1	E/CS1025/11	mutL	mutL_R	R	20	EXACT	0		0	0	NZ_CP010567.1	+	648941	648960	1
quality-review	GCF_001183805.1	E/CS1025/11	mutL	mutL_probe	probe	22	EXACT	0		0	0	NZ_CP010567.1	-	648999	649020	1
quality-review	GCF_001183805.1	E/CS1025/11	aroB_primary	aroB_F	F	20	EXACT	0		0	0	NZ_CP010567.1	+	422446	422465	1
quality-review	GCF_001183805.1	E/CS1025/11	aroB_primary	aroB_R	R	20	EXACT	0		0	0	NZ_CP010567.1	-	422570	422589	1
quality-review	GCF_001183805.1	E/CS1025/11	aroB_primary	aroB_probe	probe	25	EXACT	0		0	0	NZ_CP010567.1	+	422536	422560	1
quality-review	GCF_001183805.1	E/CS1025/11	aroB_alt1	aroB_alt1_F	F	19	EXACT	0		0	0	NZ_CP010567.1	+	422095	422113	1
quality-review	GCF_001183805.1	E/CS1025/11	aroB_alt1	aroB_alt1_R	R	20	EXACT	0		0	0	NZ_CP010567.1	-	422176	422195	1
quality-review	GCF_001183805.1	E/CS1025/11	aroB_alt1	aroB_alt1_probe	probe	27	EXACT	0		0	0	NZ_CP010567.1	+	422114	422140	1
quality-review	GCF_001183805.1	E/CS1025/11	aroB_alt2	aroB_alt2_F	F	21	EXACT	0		0	0	NZ_CP010567.1	+	423071	423091	1
quality-review	GCF_001183805.1	E/CS1025/11	aroB_alt2	aroB_alt2_R	R	20	EXACT	0		0	0	NZ_CP010567.1	-	423133	423152	1
quality-review	GCF_001183805.1	E/CS1025/11	aroB_alt2	aroB_alt2_probe	probe	25	EXACT	0		0	0	NZ_CP010567.1	+	423103	423127	1
quality-review	GCF_001183805.1	E/CS1025/11	PSD2_primary	PSD2_F	F	20	EXACT	0		0	0	NZ_CP010567.1	+	803725	803744	1
quality-review	GCF_001183805.1	E/CS1025/11	PSD2_primary	PSD2_R	R	20	EXACT	0		0	0	NZ_CP010567.1	-	803919	803938	1
quality-review	GCF_001183805.1	E/CS1025/11	PSD2_primary	PSD2_probe	probe	22	EXACT	0		0	0	NZ_CP010567.1	+	803873	803894	1
quality-review	GCF_001183805.1	E/CS1025/11	PSD2_alt1	PSD2_alt1_F	F	20	EXACT	0		0	0	NZ_CP010567.1	+	803308	803327	1
quality-review	GCF_001183805.1	E/CS1025/11	PSD2_alt1	PSD2_alt1_R	R	19	EXACT	0		0	0	NZ_CP010567.1	-	803371	803389	1
quality-review	GCF_001183805.1	E/CS1025/11	PSD2_alt1	PSD2_alt1_probe	probe	28	EXACT	0		0	0	NZ_CP010567.1	+	803343	803370	1
quality-review	GCF_001183805.1	E/CS1025/11	group_306	group_306_F	F	20	EXACT	0		0	0	NZ_CP010567.1	-	1016285	1016304	1
quality-review	GCF_001183805.1	E/CS1025/11	group_306	group_306_R	R	20	EXACT	0		0	0	NZ_CP010567.1	+	1016215	1016234	1
quality-review	GCF_001183805.1	E/CS1025/11	group_306	group_306_probe	probe	22	EXACT	0		0	0	NZ_CP010567.1	-	1016237	1016258	1
quality-review	GCF_001183825.1	F/CS847/08	mutL	mutL_F	F	20	EXACT	0		0	0	NZ_CP010569.1	-	649098	649117	1
quality-review	GCF_001183825.1	F/CS847/08	mutL	mutL_R	R	20	EXACT	0		0	0	NZ_CP010569.1	+	648991	649010	1
quality-review	GCF_001183825.1	F/CS847/08	mutL	mutL_probe	probe	22	EXACT	0		0	0	NZ_CP010569.1	-	649049	649070	2
quality-review	GCF_001183825.1	F/CS847/08	aroB_primary	aroB_F	F	20	EXACT	0		0	0	NZ_CP010569.1	+	422353	422372	1
quality-review	GCF_001183825.1	F/CS847/08	aroB_primary	aroB_R	R	20	EXACT	0		0	0	NZ_CP010569.1	-	422477	422496	1
quality-review	GCF_001183825.1	F/CS847/08	aroB_primary	aroB_probe	probe	25	EXACT	0		0	0	NZ_CP010569.1	+	422443	422467	1
quality-review	GCF_001183825.1	F/CS847/08	aroB_alt1	aroB_alt1_F	F	19	EXACT	0		0	0	NZ_CP010569.1	+	422002	422020	1
quality-review	GCF_001183825.1	F/CS847/08	aroB_alt1	aroB_alt1_R	R	20	EXACT	0		0	0	NZ_CP010569.1	-	422083	422102	1
quality-review	GCF_001183825.1	F/CS847/08	aroB_alt1	aroB_alt1_probe	probe	27	EXACT	0		0	0	NZ_CP010569.1	+	422021	422047	1
quality-review	GCF_001183825.1	F/CS847/08	aroB_alt2	aroB_alt2_F	F	21	EXACT	0		0	0	NZ_CP010569.1	+	422978	422998	1
quality-review	GCF_001183825.1	F/CS847/08	aroB_alt2	aroB_alt2_R	R	20	EXACT	0		0	0	NZ_CP010569.1	-	423040	423059	1
quality-review	GCF_001183825.1	F/CS847/08	aroB_alt2	aroB_alt2_probe	probe	25	EXACT	0		0	0	NZ_CP010569.1	+	423010	423034	1
quality-review	GCF_001183825.1	F/CS847/08	PSD2_primary	PSD2_F	F	20	EXACT	0		0	0	NZ_CP010569.1	+	803751	803770	1
quality-review	GCF_001183825.1	F/CS847/08	PSD2_primary	PSD2_R	R	20	EXACT	0		0	0	NZ_CP010569.1	-	803945	803964	1
quality-review	GCF_001183825.1	F/CS847/08	PSD2_primary	PSD2_probe	probe	22	EXACT	0		0	0	NZ_CP010569.1	+	803899	803920	1
quality-review	GCF_001183825.1	F/CS847/08	PSD2_alt1	PSD2_alt1_F	F	20	EXACT	0		0	0	NZ_CP010569.1	+	803334	803353	1
quality-review	GCF_001183825.1	F/CS847/08	PSD2_alt1	PSD2_alt1_R	R	19	EXACT	0		0	0	NZ_CP010569.1	-	803397	803415	1
quality-review	GCF_001183825.1	F/CS847/08	PSD2_alt1	PSD2_alt1_probe	probe	28	EXACT	0		0	0	NZ_CP010569.1	+	803369	803396	1
quality-review	GCF_001183825.1	F/CS847/08	group_306	group_306_F	F	20	EXACT	0		0	0	NZ_CP010569.1	-	1016311	1016330	1
quality-review	GCF_001183825.1	F/CS847/08	group_306	group_306_R	R	20	EXACT	0		0	0	NZ_CP010569.1	+	1016241	1016260	1
quality-review	GCF_001183825.1	F/CS847/08	group_306	group_306_probe	probe	22	EXACT	0		0	0	NZ_CP010569.1	-	1016263	1016284	1
quality-review	GCF_001183845.1	Ia/CS190/96	mutL	mutL_F	F	20	EXACT	0		0	0	NZ_CP010571.1	-	648181	648200	1
quality-review	GCF_001183845.1	Ia/CS190/96	mutL	mutL_R	R	20	EXACT	0		0	0	NZ_CP010571.1	+	648074	648093	1
quality-review	GCF_001183845.1	Ia/CS190/96	mutL	mutL_probe	probe	22	EXACT	0		0	0	NZ_CP010571.1	-	648132	648153	1
quality-review	GCF_001183845.1	Ia/CS190/96	aroB_primary	aroB_F	F	20	EXACT	0		0	0	NZ_CP010571.1	+	421798	421817	1
quality-review	GCF_001183845.1	Ia/CS190/96	aroB_primary	aroB_R	R	20	EXACT	0		0	0	NZ_CP010571.1	-	421922	421941	1
quality-review	GCF_001183845.1	Ia/CS190/96	aroB_primary	aroB_probe	probe	25	EXACT	0		0	0	NZ_CP010571.1	+	421888	421912	1
quality-review	GCF_001183845.1	Ia/CS190/96	aroB_alt1	aroB_alt1_F	F	19	EXACT	0		0	0	NZ_CP010571.1	+	421447	421465	1
quality-review	GCF_001183845.1	Ia/CS190/96	aroB_alt1	aroB_alt1_R	R	20	EXACT	0		0	0	NZ_CP010571.1	-	421528	421547	1
quality-review	GCF_001183845.1	Ia/CS190/96	aroB_alt1	aroB_alt1_probe	probe	27	EXACT	0		0	0	NZ_CP010571.1	+	421466	421492	1
quality-review	GCF_001183845.1	Ia/CS190/96	aroB_alt2	aroB_alt2_F	F	21	EXACT	0		0	0	NZ_CP010571.1	+	422423	422443	1
quality-review	GCF_001183845.1	Ia/CS190/96	aroB_alt2	aroB_alt2_R	R	20	EXACT	0		0	0	NZ_CP010571.1	-	422485	422504	1
quality-review	GCF_001183845.1	Ia/CS190/96	aroB_alt2	aroB_alt2_probe	probe	25	EXACT	0		0	0	NZ_CP010571.1	+	422455	422479	1
quality-review	GCF_001183845.1	Ia/CS190/96	PSD2_primary	PSD2_F	F	20	EXACT	0		0	0	NZ_CP010571.1	+	802845	802864	1
quality-review	GCF_001183845.1	Ia/CS190/96	PSD2_primary	PSD2_R	R	20	EXACT	0		0	0	NZ_CP010571.1	-	803039	803058	1
quality-review	GCF_001183845.1	Ia/CS190/96	PSD2_primary	PSD2_probe	probe	22	EXACT	0		0	0	NZ_CP010571.1	+	802993	803014	1
quality-review	GCF_001183845.1	Ia/CS190/96	PSD2_alt1	PSD2_alt1_F	F	20	EXACT	0		0	0	NZ_CP010571.1	+	802428	802447	1
quality-review	GCF_001183845.1	Ia/CS190/96	PSD2_alt1	PSD2_alt1_R	R	19	EXACT	0		0	0	NZ_CP010571.1	-	802491	802509	1
quality-review	GCF_001183845.1	Ia/CS190/96	PSD2_alt1	PSD2_alt1_probe	probe	28	EXACT	0		0	0	NZ_CP010571.1	+	802463	802490	1
quality-review	GCF_001183845.1	Ia/CS190/96	group_306	group_306_F	F	20	EXACT	0		0	0	NZ_CP010571.1	-	1015363	1015382	1
quality-review	GCF_001183845.1	Ia/CS190/96	group_306	group_306_R	R	20	EXACT	0		0	0	NZ_CP010571.1	+	1015293	1015312	1
quality-review	GCF_001183845.1	Ia/CS190/96	group_306	group_306_probe	probe	22	EXACT	0		0	0	NZ_CP010571.1	-	1015315	1015336	1
quality-review	GCF_001885175.1	QH111L	mutL	mutL_F	F	20	EXACT	0		0	0	NZ_CP018052.1	-	654476	654495	1
quality-review	GCF_001885175.1	QH111L	mutL	mutL_R	R	20	EXACT	0		0	0	NZ_CP018052.1	+	654369	654388	1
quality-review	GCF_001885175.1	QH111L	mutL	mutL_probe	probe	22	EXACT	0		0	0	NZ_CP018052.1	-	654427	654448	1
quality-review	GCF_001885175.1	QH111L	aroB_primary	aroB_F	F	20	EXACT	0		0	0	NZ_CP018052.1	+	427478	427497	1
quality-review	GCF_001885175.1	QH111L	aroB_primary	aroB_R	R	20	EXACT	0		0	0	NZ_CP018052.1	-	427602	427621	1
quality-review	GCF_001885175.1	QH111L	aroB_primary	aroB_probe	probe	25	EXACT	0		0	0	NZ_CP018052.1	+	427568	427592	1
quality-review	GCF_001885175.1	QH111L	aroB_alt1	aroB_alt1_F	F	19	EXACT	0		0	0	NZ_CP018052.1	+	427127	427145	1
quality-review	GCF_001885175.1	QH111L	aroB_alt1	aroB_alt1_R	R	20	EXACT	0		0	0	NZ_CP018052.1	-	427208	427227	1
quality-review	GCF_001885175.1	QH111L	aroB_alt1	aroB_alt1_probe	probe	27	EXACT	0		0	0	NZ_CP018052.1	+	427146	427172	1
quality-review	GCF_001885175.1	QH111L	aroB_alt2	aroB_alt2_F	F	21	EXACT	0		0	0	NZ_CP018052.1	+	428103	428123	1
quality-review	GCF_001885175.1	QH111L	aroB_alt2	aroB_alt2_R	R	20	EXACT	0		0	0	NZ_CP018052.1	-	428165	428184	1
quality-review	GCF_001885175.1	QH111L	aroB_alt2	aroB_alt2_probe	probe	25	EXACT	0		0	0	NZ_CP018052.1	+	428135	428159	1
quality-review	GCF_001885175.1	QH111L	PSD2_primary	PSD2_F	F	20	EXACT	0		0	0	NZ_CP018052.1	+	809151	809170	1
quality-review	GCF_001885175.1	QH111L	PSD2_primary	PSD2_R	R	20	EXACT	0		0	0	NZ_CP018052.1	-	809345	809364	1
quality-review	GCF_001885175.1	QH111L	PSD2_primary	PSD2_probe	probe	22	EXACT	0		0	0	NZ_CP018052.1	+	809299	809320	1
quality-review	GCF_001885175.1	QH111L	PSD2_alt1	PSD2_alt1_F	F	20	EXACT	0		0	0	NZ_CP018052.1	+	808734	808753	1
quality-review	GCF_001885175.1	QH111L	PSD2_alt1	PSD2_alt1_R	R	19	EXACT	0		0	0	NZ_CP018052.1	-	808797	808815	1
quality-review	GCF_001885175.1	QH111L	PSD2_alt1	PSD2_alt1_probe	probe	28	NEAR	1	23	0	0	NZ_CP018052.1	+	808769	808796	1
quality-review	GCF_001885175.1	QH111L	group_306	group_306_F	F	20	EXACT	0		0	0	NZ_CP018052.1	-	999630	999649	1
quality-review	GCF_001885175.1	QH111L	group_306	group_306_R	R	20	EXACT	0		0	0	NZ_CP018052.1	+	999560	999579	1
quality-review	GCF_001885175.1	QH111L	group_306	group_306_probe	probe	22	EXACT	0		0	0	NZ_CP018052.1	-	999582	999603	1
quality-review	GCF_036285905.1	LGV II 434	mutL	mutL_F	F	20	EXACT	0		0	0	NZ_CP142852.1	+	671930	671949	1
quality-review	GCF_036285905.1	LGV II 434	mutL	mutL_R	R	20	EXACT	0		0	0	NZ_CP142852.1	-	672037	672056	1
quality-review	GCF_036285905.1	LGV II 434	mutL	mutL_probe	probe	22	EXACT	0		0	0	NZ_CP142852.1	+	671977	671998	1
quality-review	GCF_036285905.1	LGV II 434	aroB_primary	aroB_F	F	20	EXACT	0		0	0	NZ_CP142852.1	-	899074	899093	1
quality-review	GCF_036285905.1	LGV II 434	aroB_primary	aroB_R	R	20	EXACT	0		0	0	NZ_CP142852.1	+	898950	898969	1
quality-review	GCF_036285905.1	LGV II 434	aroB_primary	aroB_probe	probe	25	EXACT	0		0	0	NZ_CP142852.1	-	898979	899003	1
quality-review	GCF_036285905.1	LGV II 434	aroB_alt1	aroB_alt1_F	F	19	EXACT	0		0	0	NZ_CP142852.1	-	899426	899444	1
quality-review	GCF_036285905.1	LGV II 434	aroB_alt1	aroB_alt1_R	R	20	EXACT	0		0	0	NZ_CP142852.1	+	899344	899363	1
quality-review	GCF_036285905.1	LGV II 434	aroB_alt1	aroB_alt1_probe	probe	27	EXACT	0		0	0	NZ_CP142852.1	-	899399	899425	1
quality-review	GCF_036285905.1	LGV II 434	aroB_alt2	aroB_alt2_F	F	21	EXACT	0		0	0	NZ_CP142852.1	-	898448	898468	1
quality-review	GCF_036285905.1	LGV II 434	aroB_alt2	aroB_alt2_R	R	20	EXACT	0		0	0	NZ_CP142852.1	+	898387	898406	1
quality-review	GCF_036285905.1	LGV II 434	aroB_alt2	aroB_alt2_probe	probe	25	EXACT	0		0	0	NZ_CP142852.1	-	898412	898436	1
quality-review	GCF_036285905.1	LGV II 434	PSD2_primary	PSD2_F	F	20	EXACT	0		0	0	NZ_CP142852.1	-	517260	517279	1
quality-review	GCF_036285905.1	LGV II 434	PSD2_primary	PSD2_R	R	20	EXACT	0		0	0	NZ_CP142852.1	+	517066	517085	1
quality-review	GCF_036285905.1	LGV II 434	PSD2_primary	PSD2_probe	probe	22	EXACT	0		0	0	NZ_CP142852.1	-	517110	517131	1
quality-review	GCF_036285905.1	LGV II 434	PSD2_alt1	PSD2_alt1_F	F	20	EXACT	0		0	0	NZ_CP142852.1	-	517677	517696	1
quality-review	GCF_036285905.1	LGV II 434	PSD2_alt1	PSD2_alt1_R	R	19	EXACT	0		0	0	NZ_CP142852.1	+	517615	517633	1
quality-review	GCF_036285905.1	LGV II 434	PSD2_alt1	PSD2_alt1_probe	probe	28	EXACT	0		0	0	NZ_CP142852.1	-	517634	517661	1
quality-review	GCF_036285905.1	LGV II 434	group_306	group_306_F	F	20	EXACT	0		0	0	NZ_CP142852.1	+	304736	304755	1
quality-review	GCF_036285905.1	LGV II 434	group_306	group_306_R	R	20	EXACT	0		0	0	NZ_CP142852.1	-	304806	304825	1
quality-review	GCF_036285905.1	LGV II 434	group_306	group_306_probe	probe	22	EXACT	0		0	0	NZ_CP142852.1	+	304782	304803	1
quality-review	GCF_047421445.1	B/TW-5/OT	mutL	mutL_F	F	20	EXACT	0		0	0	NZ_CP166127.1	-	640023	640042	1
quality-review	GCF_047421445.1	B/TW-5/OT	mutL	mutL_R	R	20	EXACT	0		0	0	NZ_CP166127.1	+	639916	639935	1
quality-review	GCF_047421445.1	B/TW-5/OT	mutL	mutL_probe	probe	22	EXACT	0		0	0	NZ_CP166127.1	-	639974	639995	1
quality-review	GCF_047421445.1	B/TW-5/OT	aroB_primary	aroB_F	F	20	EXACT	0		0	0	NZ_CP166127.1	+	412986	413005	1
quality-review	GCF_047421445.1	B/TW-5/OT	aroB_primary	aroB_R	R	20	EXACT	0		0	0	NZ_CP166127.1	-	413110	413129	1
quality-review	GCF_047421445.1	B/TW-5/OT	aroB_primary	aroB_probe	probe	25	EXACT	0		0	0	NZ_CP166127.1	+	413076	413100	1
quality-review	GCF_047421445.1	B/TW-5/OT	aroB_alt1	aroB_alt1_F	F	19	EXACT	0		0	0	NZ_CP166127.1	+	412635	412653	1
quality-review	GCF_047421445.1	B/TW-5/OT	aroB_alt1	aroB_alt1_R	R	20	EXACT	0		0	0	NZ_CP166127.1	-	412716	412735	1
quality-review	GCF_047421445.1	B/TW-5/OT	aroB_alt1	aroB_alt1_probe	probe	27	EXACT	0		0	0	NZ_CP166127.1	+	412654	412680	1
quality-review	GCF_047421445.1	B/TW-5/OT	aroB_alt2	aroB_alt2_F	F	21	EXACT	0		0	0	NZ_CP166127.1	+	413611	413631	1
quality-review	GCF_047421445.1	B/TW-5/OT	aroB_alt2	aroB_alt2_R	R	20	EXACT	0		0	0	NZ_CP166127.1	-	413673	413692	1
quality-review	GCF_047421445.1	B/TW-5/OT	aroB_alt2	aroB_alt2_probe	probe	25	EXACT	0		0	0	NZ_CP166127.1	+	413643	413667	1
quality-review	GCF_047421445.1	B/TW-5/OT	PSD2_primary	PSD2_F	F	20	EXACT	0		0	0	NZ_CP166127.1	+	794671	794690	1
quality-review	GCF_047421445.1	B/TW-5/OT	PSD2_primary	PSD2_R	R	20	EXACT	0		0	0	NZ_CP166127.1	-	794865	794884	1
quality-review	GCF_047421445.1	B/TW-5/OT	PSD2_primary	PSD2_probe	probe	22	EXACT	0		0	0	NZ_CP166127.1	+	794819	794840	1
quality-review	GCF_047421445.1	B/TW-5/OT	PSD2_alt1	PSD2_alt1_F	F	20	EXACT	0		0	0	NZ_CP166127.1	+	794254	794273	1
quality-review	GCF_047421445.1	B/TW-5/OT	PSD2_alt1	PSD2_alt1_R	R	19	EXACT	0		0	0	NZ_CP166127.1	-	794317	794335	1
quality-review	GCF_047421445.1	B/TW-5/OT	PSD2_alt1	PSD2_alt1_probe	probe	28	EXACT	0		0	0	NZ_CP166127.1	+	794289	794316	1
quality-review	GCF_047421445.1	B/TW-5/OT	group_306	group_306_F	F	20	EXACT	0		0	0	NZ_CP166127.1	-	1007021	1007040	1
quality-review	GCF_047421445.1	B/TW-5/OT	group_306	group_306_R	R	20	EXACT	0		0	0	NZ_CP166127.1	+	1006951	1006970	1
quality-review	GCF_047421445.1	B/TW-5/OT	group_306	group_306_probe	probe	22	EXACT	0		0	0	NZ_CP166127.1	-	1006973	1006994	1
primary	GCF_000008725.1	D/UW-3/CX	mutL	mutL_F	F	20	EXACT	0		0	0	NC_000117.1	-	647996	648015	1
primary	GCF_000008725.1	D/UW-3/CX	mutL	mutL_R	R	20	EXACT	0		0	0	NC_000117.1	+	647889	647908	1
primary	GCF_000008725.1	D/UW-3/CX	mutL	mutL_probe	probe	22	EXACT	0		0	0	NC_000117.1	-	647947	647968	1
primary	GCF_000008725.1	D/UW-3/CX	aroB_primary	aroB_F	F	20	EXACT	0		0	0	NC_000117.1	+	421305	421324	1
primary	GCF_000008725.1	D/UW-3/CX	aroB_primary	aroB_R	R	20	EXACT	0		0	0	NC_000117.1	-	421429	421448	1
primary	GCF_000008725.1	D/UW-3/CX	aroB_primary	aroB_probe	probe	25	EXACT	0		0	0	NC_000117.1	+	421395	421419	1
primary	GCF_000008725.1	D/UW-3/CX	aroB_alt1	aroB_alt1_F	F	19	EXACT	0		0	0	NC_000117.1	+	420954	420972	1
primary	GCF_000008725.1	D/UW-3/CX	aroB_alt1	aroB_alt1_R	R	20	EXACT	0		0	0	NC_000117.1	-	421035	421054	1
primary	GCF_000008725.1	D/UW-3/CX	aroB_alt1	aroB_alt1_probe	probe	27	EXACT	0		0	0	NC_000117.1	+	420973	420999	1
primary	GCF_000008725.1	D/UW-3/CX	aroB_alt2	aroB_alt2_F	F	21	EXACT	0		0	0	NC_000117.1	+	421930	421950	1
primary	GCF_000008725.1	D/UW-3/CX	aroB_alt2	aroB_alt2_R	R	20	EXACT	0		0	0	NC_000117.1	-	421992	422011	1
primary	GCF_000008725.1	D/UW-3/CX	aroB_alt2	aroB_alt2_probe	probe	25	EXACT	0		0	0	NC_000117.1	+	421962	421986	1
primary	GCF_000008725.1	D/UW-3/CX	PSD2_primary	PSD2_F	F	20	EXACT	0		0	0	NC_000117.1	+	802645	802664	1
primary	GCF_000008725.1	D/UW-3/CX	PSD2_primary	PSD2_R	R	20	EXACT	0		0	0	NC_000117.1	-	802839	802858	1
primary	GCF_000008725.1	D/UW-3/CX	PSD2_primary	PSD2_probe	probe	22	EXACT	0		0	0	NC_000117.1	+	802793	802814	1
primary	GCF_000008725.1	D/UW-3/CX	PSD2_alt1	PSD2_alt1_F	F	20	EXACT	0		0	0	NC_000117.1	+	802228	802247	1
primary	GCF_000008725.1	D/UW-3/CX	PSD2_alt1	PSD2_alt1_R	R	19	EXACT	0		0	0	NC_000117.1	-	802291	802309	1
primary	GCF_000008725.1	D/UW-3/CX	PSD2_alt1	PSD2_alt1_probe	probe	28	EXACT	0		0	0	NC_000117.1	+	802263	802290	1
primary	GCF_000008725.1	D/UW-3/CX	group_306	group_306_F	F	20	EXACT	0		0	0	NC_000117.1	-	1015165	1015184	1
primary	GCF_000008725.1	D/UW-3/CX	group_306	group_306_R	R	20	EXACT	0		0	0	NC_000117.1	+	1015095	1015114	1
primary	GCF_000008725.1	D/UW-3/CX	group_306	group_306_probe	probe	22	EXACT	0		0	0	NC_000117.1	-	1015117	1015138	1
primary	GCF_000012125.1	A/HAR-13	mutL	mutL_F	F	20	EXACT	0		0	0	NC_007429.1	-	650706	650725	1
primary	GCF_000012125.1	A/HAR-13	mutL	mutL_R	R	20	EXACT	0		0	0	NC_007429.1	+	650599	650618	1
primary	GCF_000012125.1	A/HAR-13	mutL	mutL_probe	probe	22	EXACT	0		0	0	NC_007429.1	-	650657	650678	1
primary	GCF_000012125.1	A/HAR-13	aroB_primary	aroB_F	F	20	EXACT	0		0	0	NC_007429.1	+	423666	423685	1
primary	GCF_000012125.1	A/HAR-13	aroB_primary	aroB_R	R	20	EXACT	0		0	0	NC_007429.1	-	423790	423809	1
primary	GCF_000012125.1	A/HAR-13	aroB_primary	aroB_probe	probe	25	EXACT	0		0	0	NC_007429.1	+	423756	423780	1
primary	GCF_000012125.1	A/HAR-13	aroB_alt1	aroB_alt1_F	F	19	EXACT	0		0	0	NC_007429.1	+	423315	423333	1
primary	GCF_000012125.1	A/HAR-13	aroB_alt1	aroB_alt1_R	R	20	EXACT	0		0	0	NC_007429.1	-	423396	423415	1
primary	GCF_000012125.1	A/HAR-13	aroB_alt1	aroB_alt1_probe	probe	27	EXACT	0		0	0	NC_007429.1	+	423334	423360	1
primary	GCF_000012125.1	A/HAR-13	aroB_alt2	aroB_alt2_F	F	21	EXACT	0		0	0	NC_007429.1	+	424291	424311	1
primary	GCF_000012125.1	A/HAR-13	aroB_alt2	aroB_alt2_R	R	20	EXACT	0		0	0	NC_007429.1	-	424353	424372	1
primary	GCF_000012125.1	A/HAR-13	aroB_alt2	aroB_alt2_probe	probe	25	EXACT	0		0	0	NC_007429.1	+	424323	424347	1
primary	GCF_000012125.1	A/HAR-13	PSD2_primary	PSD2_F	F	20	EXACT	0		0	0	NC_007429.1	+	805391	805410	1
primary	GCF_000012125.1	A/HAR-13	PSD2_primary	PSD2_R	R	20	EXACT	0		0	0	NC_007429.1	-	805585	805604	1
primary	GCF_000012125.1	A/HAR-13	PSD2_primary	PSD2_probe	probe	22	EXACT	0		0	0	NC_007429.1	+	805539	805560	1
primary	GCF_000012125.1	A/HAR-13	PSD2_alt1	PSD2_alt1_F	F	20	EXACT	0		0	0	NC_007429.1	+	804974	804993	1
primary	GCF_000012125.1	A/HAR-13	PSD2_alt1	PSD2_alt1_R	R	19	EXACT	0		0	0	NC_007429.1	-	805037	805055	1
primary	GCF_000012125.1	A/HAR-13	PSD2_alt1	PSD2_alt1_probe	probe	28	EXACT	0		0	0	NC_007429.1	+	805009	805036	1
primary	GCF_000012125.1	A/HAR-13	group_306	group_306_F	F	20	EXACT	0		0	0	NC_007429.1	-	1017770	1017789	1
primary	GCF_000012125.1	A/HAR-13	group_306	group_306_R	R	20	EXACT	0		0	0	NC_007429.1	+	1017700	1017719	1
primary	GCF_000012125.1	A/HAR-13	group_306	group_306_probe	probe	22	EXACT	0		0	0	NC_007429.1	-	1017722	1017743	1
primary	GCF_000026905.1	B/TZ1A828/OT	mutL	mutL_F	F	20	EXACT	0		0	0	NC_012687.1	-	650536	650555	1
primary	GCF_000026905.1	B/TZ1A828/OT	mutL	mutL_R	R	20	EXACT	0		0	0	NC_012687.1	+	650429	650448	1
primary	GCF_000026905.1	B/TZ1A828/OT	mutL	mutL_probe	probe	22	EXACT	0		0	0	NC_012687.1	-	650487	650508	1
primary	GCF_000026905.1	B/TZ1A828/OT	aroB_primary	aroB_F	F	20	EXACT	0		0	0	NC_012687.1	+	423504	423523	1
primary	GCF_000026905.1	B/TZ1A828/OT	aroB_primary	aroB_R	R	20	EXACT	0		0	0	NC_012687.1	-	423628	423647	1
primary	GCF_000026905.1	B/TZ1A828/OT	aroB_primary	aroB_probe	probe	25	EXACT	0		0	0	NC_012687.1	+	423594	423618	1
primary	GCF_000026905.1	B/TZ1A828/OT	aroB_alt1	aroB_alt1_F	F	19	EXACT	0		0	0	NC_012687.1	+	423153	423171	1
primary	GCF_000026905.1	B/TZ1A828/OT	aroB_alt1	aroB_alt1_R	R	20	EXACT	0		0	0	NC_012687.1	-	423234	423253	1
primary	GCF_000026905.1	B/TZ1A828/OT	aroB_alt1	aroB_alt1_probe	probe	27	EXACT	0		0	0	NC_012687.1	+	423172	423198	1
primary	GCF_000026905.1	B/TZ1A828/OT	aroB_alt2	aroB_alt2_F	F	21	EXACT	0		0	0	NC_012687.1	+	424129	424149	1
primary	GCF_000026905.1	B/TZ1A828/OT	aroB_alt2	aroB_alt2_R	R	20	EXACT	0		0	0	NC_012687.1	-	424191	424210	1
primary	GCF_000026905.1	B/TZ1A828/OT	aroB_alt2	aroB_alt2_probe	probe	25	EXACT	0		0	0	NC_012687.1	+	424161	424185	1
primary	GCF_000026905.1	B/TZ1A828/OT	PSD2_primary	PSD2_F	F	20	EXACT	0		0	0	NC_012687.1	+	805201	805220	1
primary	GCF_000026905.1	B/TZ1A828/OT	PSD2_primary	PSD2_R	R	20	EXACT	0		0	0	NC_012687.1	-	805395	805414	1
primary	GCF_000026905.1	B/TZ1A828/OT	PSD2_primary	PSD2_probe	probe	22	EXACT	0		0	0	NC_012687.1	+	805349	805370	1
primary	GCF_000026905.1	B/TZ1A828/OT	PSD2_alt1	PSD2_alt1_F	F	20	EXACT	0		0	0	NC_012687.1	+	804784	804803	1
primary	GCF_000026905.1	B/TZ1A828/OT	PSD2_alt1	PSD2_alt1_R	R	19	EXACT	0		0	0	NC_012687.1	-	804847	804865	1
primary	GCF_000026905.1	B/TZ1A828/OT	PSD2_alt1	PSD2_alt1_probe	probe	28	EXACT	0		0	0	NC_012687.1	+	804819	804846	1
primary	GCF_000026905.1	B/TZ1A828/OT	group_306	group_306_F	F	20	EXACT	0		0	0	NC_012687.1	-	1017593	1017612	1
primary	GCF_000026905.1	B/TZ1A828/OT	group_306	group_306_R	R	20	EXACT	0		0	0	NC_012687.1	+	1017523	1017542	1
primary	GCF_000026905.1	B/TZ1A828/OT	group_306	group_306_probe	probe	22	EXACT	0		0	0	NC_012687.1	-	1017545	1017566	1
primary	GCF_000026925.1	Jali20	mutL	mutL_F	F	20	EXACT	0		0	0	NC_012686.1	-	650598	650617	1
primary	GCF_000026925.1	Jali20	mutL	mutL_R	R	20	EXACT	0		0	0	NC_012686.1	+	650491	650510	1
primary	GCF_000026925.1	Jali20	mutL	mutL_probe	probe	22	EXACT	0		0	0	NC_012686.1	-	650549	650570	1
primary	GCF_000026925.1	Jali20	aroB_primary	aroB_F	F	20	EXACT	0		0	0	NC_012686.1	+	423582	423601	1
primary	GCF_000026925.1	Jali20	aroB_primary	aroB_R	R	20	EXACT	0		0	0	NC_012686.1	-	423706	423725	1
primary	GCF_000026925.1	Jali20	aroB_primary	aroB_probe	probe	25	EXACT	0		0	0	NC_012686.1	+	423672	423696	1
primary	GCF_000026925.1	Jali20	aroB_alt1	aroB_alt1_F	F	19	EXACT	0		0	0	NC_012686.1	+	423231	423249	1
primary	GCF_000026925.1	Jali20	aroB_alt1	aroB_alt1_R	R	20	EXACT	0		0	0	NC_012686.1	-	423312	423331	1
primary	GCF_000026925.1	Jali20	aroB_alt1	aroB_alt1_probe	probe	27	EXACT	0		0	0	NC_012686.1	+	423250	423276	1
primary	GCF_000026925.1	Jali20	aroB_alt2	aroB_alt2_F	F	21	EXACT	0		0	0	NC_012686.1	+	424207	424227	1
primary	GCF_000026925.1	Jali20	aroB_alt2	aroB_alt2_R	R	20	EXACT	0		0	0	NC_012686.1	-	424269	424288	1
primary	GCF_000026925.1	Jali20	aroB_alt2	aroB_alt2_probe	probe	25	EXACT	0		0	0	NC_012686.1	+	424239	424263	1
primary	GCF_000026925.1	Jali20	PSD2_primary	PSD2_F	F	20	EXACT	0		0	0	NC_012686.1	+	805276	805295	1
primary	GCF_000026925.1	Jali20	PSD2_primary	PSD2_R	R	20	EXACT	0		0	0	NC_012686.1	-	805470	805489	1
primary	GCF_000026925.1	Jali20	PSD2_primary	PSD2_probe	probe	22	EXACT	0		0	0	NC_012686.1	+	805424	805445	1
primary	GCF_000026925.1	Jali20	PSD2_alt1	PSD2_alt1_F	F	20	EXACT	0		0	0	NC_012686.1	+	804859	804878	1
primary	GCF_000026925.1	Jali20	PSD2_alt1	PSD2_alt1_R	R	19	EXACT	0		0	0	NC_012686.1	-	804922	804940	1
primary	GCF_000026925.1	Jali20	PSD2_alt1	PSD2_alt1_probe	probe	28	EXACT	0		0	0	NC_012686.1	+	804894	804921	1
primary	GCF_000026925.1	Jali20	group_306	group_306_F	F	20	EXACT	0		0	0	NC_012686.1	-	1017665	1017684	1
primary	GCF_000026925.1	Jali20	group_306	group_306_R	R	20	EXACT	0		0	0	NC_012686.1	+	1017595	1017614	1
primary	GCF_000026925.1	Jali20	group_306	group_306_probe	probe	22	EXACT	0		0	0	NC_012686.1	-	1017617	1017638	1
primary	GCF_000068525.2	UCH-1	mutL	mutL_F	F	20	EXACT	0		0	0	NC_010280.2	-	966613	966632	1
primary	GCF_000068525.2	UCH-1	mutL	mutL_R	R	20	EXACT	0		0	0	NC_010280.2	+	966506	966525	1
primary	GCF_000068525.2	UCH-1	mutL	mutL_probe	probe	22	EXACT	0		0	0	NC_010280.2	-	966564	966585	1
primary	GCF_000068525.2	UCH-1	aroB_primary	aroB_F	F	20	EXACT	0		0	0	NC_010280.2	+	739917	739936	1
primary	GCF_000068525.2	UCH-1	aroB_primary	aroB_R	R	20	EXACT	0		0	0	NC_010280.2	-	740041	740060	1
primary	GCF_000068525.2	UCH-1	aroB_primary	aroB_probe	probe	25	EXACT	0		0	0	NC_010280.2	+	740007	740031	1
primary	GCF_000068525.2	UCH-1	aroB_alt1	aroB_alt1_F	F	19	EXACT	0		0	0	NC_010280.2	+	739566	739584	1
primary	GCF_000068525.2	UCH-1	aroB_alt1	aroB_alt1_R	R	20	EXACT	0		0	0	NC_010280.2	-	739647	739666	1
primary	GCF_000068525.2	UCH-1	aroB_alt1	aroB_alt1_probe	probe	27	EXACT	0		0	0	NC_010280.2	+	739585	739611	1
primary	GCF_000068525.2	UCH-1	aroB_alt2	aroB_alt2_F	F	21	EXACT	0		0	0	NC_010280.2	+	740542	740562	1
primary	GCF_000068525.2	UCH-1	aroB_alt2	aroB_alt2_R	R	20	EXACT	0		0	0	NC_010280.2	-	740604	740623	1
primary	GCF_000068525.2	UCH-1	aroB_alt2	aroB_alt2_probe	probe	25	EXACT	0		0	0	NC_010280.2	+	740574	740598	1
primary	GCF_000068525.2	UCH-1	PSD2_primary	PSD2_F	F	20	EXACT	0		0	0	NC_010280.2	+	82408	82427	1
primary	GCF_000068525.2	UCH-1	PSD2_primary	PSD2_R	R	20	EXACT	0		0	0	NC_010280.2	-	82602	82621	1
primary	GCF_000068525.2	UCH-1	PSD2_primary	PSD2_probe	probe	22	EXACT	0		0	0	NC_010280.2	+	82556	82577	1
primary	GCF_000068525.2	UCH-1	PSD2_alt1	PSD2_alt1_F	F	20	EXACT	0		0	0	NC_010280.2	+	81991	82010	1
primary	GCF_000068525.2	UCH-1	PSD2_alt1	PSD2_alt1_R	R	19	EXACT	0		0	0	NC_010280.2	-	82054	82072	1
primary	GCF_000068525.2	UCH-1	PSD2_alt1	PSD2_alt1_probe	probe	28	EXACT	0		0	0	NC_010280.2	+	82026	82053	1
primary	GCF_000068525.2	UCH-1	group_306	group_306_F	F	20	EXACT	0		0	0	NC_010280.2	-	294944	294963	1
primary	GCF_000068525.2	UCH-1	group_306	group_306_R	R	20	EXACT	0		0	0	NC_010280.2	+	294874	294893	1
primary	GCF_000068525.2	UCH-1	group_306	group_306_probe	probe	22	EXACT	0		0	0	NC_010280.2	-	294896	294917	1
primary	GCF_000068585.1	L2/434/Bu	mutL	mutL_F	F	20	EXACT	0		0	0	NC_010287.1	-	966591	966610	1
primary	GCF_000068585.1	L2/434/Bu	mutL	mutL_R	R	20	EXACT	0		0	0	NC_010287.1	+	966484	966503	1
primary	GCF_000068585.1	L2/434/Bu	mutL	mutL_probe	probe	22	EXACT	0		0	0	NC_010287.1	-	966542	966563	1
primary	GCF_000068585.1	L2/434/Bu	aroB_primary	aroB_F	F	20	EXACT	0		0	0	NC_010287.1	+	739885	739904	1
primary	GCF_000068585.1	L2/434/Bu	aroB_primary	aroB_R	R	20	EXACT	0		0	0	NC_010287.1	-	740009	740028	1
primary	GCF_000068585.1	L2/434/Bu	aroB_primary	aroB_probe	probe	25	EXACT	0		0	0	NC_010287.1	+	739975	739999	1
primary	GCF_000068585.1	L2/434/Bu	aroB_alt1	aroB_alt1_F	F	19	EXACT	0		0	0	NC_010287.1	+	739534	739552	1
primary	GCF_000068585.1	L2/434/Bu	aroB_alt1	aroB_alt1_R	R	20	EXACT	0		0	0	NC_010287.1	-	739615	739634	1
primary	GCF_000068585.1	L2/434/Bu	aroB_alt1	aroB_alt1_probe	probe	27	EXACT	0		0	0	NC_010287.1	+	739553	739579	1
primary	GCF_000068585.1	L2/434/Bu	aroB_alt2	aroB_alt2_F	F	21	EXACT	0		0	0	NC_010287.1	+	740510	740530	1
primary	GCF_000068585.1	L2/434/Bu	aroB_alt2	aroB_alt2_R	R	20	EXACT	0		0	0	NC_010287.1	-	740572	740591	1
primary	GCF_000068585.1	L2/434/Bu	aroB_alt2	aroB_alt2_probe	probe	25	EXACT	0		0	0	NC_010287.1	+	740542	740566	1
primary	GCF_000068585.1	L2/434/Bu	PSD2_primary	PSD2_F	F	20	EXACT	0		0	0	NC_010287.1	+	82413	82432	1
primary	GCF_000068585.1	L2/434/Bu	PSD2_primary	PSD2_R	R	20	EXACT	0		0	0	NC_010287.1	-	82607	82626	1
primary	GCF_000068585.1	L2/434/Bu	PSD2_primary	PSD2_probe	probe	22	EXACT	0		0	0	NC_010287.1	+	82561	82582	1
primary	GCF_000068585.1	L2/434/Bu	PSD2_alt1	PSD2_alt1_F	F	20	EXACT	0		0	0	NC_010287.1	+	81996	82015	1
primary	GCF_000068585.1	L2/434/Bu	PSD2_alt1	PSD2_alt1_R	R	19	EXACT	0		0	0	NC_010287.1	-	82059	82077	1
primary	GCF_000068585.1	L2/434/Bu	PSD2_alt1	PSD2_alt1_probe	probe	28	EXACT	0		0	0	NC_010287.1	+	82031	82058	1
primary	GCF_000068585.1	L2/434/Bu	group_306	group_306_F	F	20	EXACT	0		0	0	NC_010287.1	-	294937	294956	1
primary	GCF_000068585.1	L2/434/Bu	group_306	group_306_R	R	20	EXACT	0		0	0	NC_010287.1	+	294867	294886	1
primary	GCF_000068585.1	L2/434/Bu	group_306	group_306_probe	probe	22	EXACT	0		0	0	NC_010287.1	-	294889	294910	1
primary	GCF_000092485.1	D-EC	mutL	mutL_F	F	20	EXACT	0		0	0	NC_017434.1	-	647998	648017	1
primary	GCF_000092485.1	D-EC	mutL	mutL_R	R	20	EXACT	0		0	0	NC_017434.1	+	647891	647910	1
primary	GCF_000092485.1	D-EC	mutL	mutL_probe	probe	22	EXACT	0		0	0	NC_017434.1	-	647949	647970	1
primary	GCF_000092485.1	D-EC	aroB_primary	aroB_F	F	20	EXACT	0		0	0	NC_017434.1	+	421306	421325	1
primary	GCF_000092485.1	D-EC	aroB_primary	aroB_R	R	20	EXACT	0		0	0	NC_017434.1	-	421430	421449	1
primary	GCF_000092485.1	D-EC	aroB_primary	aroB_probe	probe	25	EXACT	0		0	0	NC_017434.1	+	421396	421420	1
primary	GCF_000092485.1	D-EC	aroB_alt1	aroB_alt1_F	F	19	EXACT	0		0	0	NC_017434.1	+	420955	420973	1
primary	GCF_000092485.1	D-EC	aroB_alt1	aroB_alt1_R	R	20	EXACT	0		0	0	NC_017434.1	-	421036	421055	1
primary	GCF_000092485.1	D-EC	aroB_alt1	aroB_alt1_probe	probe	27	EXACT	0		0	0	NC_017434.1	+	420974	421000	1
primary	GCF_000092485.1	D-EC	aroB_alt2	aroB_alt2_F	F	21	EXACT	0		0	0	NC_017434.1	+	421931	421951	1
primary	GCF_000092485.1	D-EC	aroB_alt2	aroB_alt2_R	R	20	EXACT	0		0	0	NC_017434.1	-	421993	422012	1
primary	GCF_000092485.1	D-EC	aroB_alt2	aroB_alt2_probe	probe	25	EXACT	0		0	0	NC_017434.1	+	421963	421987	1
primary	GCF_000092485.1	D-EC	PSD2_primary	PSD2_F	F	20	EXACT	0		0	0	NC_017434.1	+	802649	802668	1
primary	GCF_000092485.1	D-EC	PSD2_primary	PSD2_R	R	20	EXACT	0		0	0	NC_017434.1	-	802843	802862	1
primary	GCF_000092485.1	D-EC	PSD2_primary	PSD2_probe	probe	22	EXACT	0		0	0	NC_017434.1	+	802797	802818	1
primary	GCF_000092485.1	D-EC	PSD2_alt1	PSD2_alt1_F	F	20	EXACT	0		0	0	NC_017434.1	+	802232	802251	1
primary	GCF_000092485.1	D-EC	PSD2_alt1	PSD2_alt1_R	R	19	EXACT	0		0	0	NC_017434.1	-	802295	802313	1
primary	GCF_000092485.1	D-EC	PSD2_alt1	PSD2_alt1_probe	probe	28	EXACT	0		0	0	NC_017434.1	+	802267	802294	1
primary	GCF_000092485.1	D-EC	group_306	group_306_F	F	20	EXACT	0		0	0	NC_017434.1	-	1015168	1015187	1
primary	GCF_000092485.1	D-EC	group_306	group_306_R	R	20	EXACT	0		0	0	NC_017434.1	+	1015098	1015117	1
primary	GCF_000092485.1	D-EC	group_306	group_306_probe	probe	22	EXACT	0		0	0	NC_017434.1	-	1015120	1015141	1
primary	GCF_000092665.1	E/150	mutL	mutL_F	F	20	EXACT	0		0	0	NC_017439.1	-	648421	648440	1
primary	GCF_000092665.1	E/150	mutL	mutL_R	R	20	EXACT	0		0	0	NC_017439.1	+	648314	648333	1
primary	GCF_000092665.1	E/150	mutL	mutL_probe	probe	22	EXACT	0		0	0	NC_017439.1	-	648372	648393	2
primary	GCF_000092665.1	E/150	aroB_primary	aroB_F	F	20	EXACT	0		0	0	NC_017439.1	+	421820	421839	1
primary	GCF_000092665.1	E/150	aroB_primary	aroB_R	R	20	EXACT	0		0	0	NC_017439.1	-	421944	421963	1
primary	GCF_000092665.1	E/150	aroB_primary	aroB_probe	probe	25	EXACT	0		0	0	NC_017439.1	+	421910	421934	1
primary	GCF_000092665.1	E/150	aroB_alt1	aroB_alt1_F	F	19	EXACT	0		0	0	NC_017439.1	+	421469	421487	1
primary	GCF_000092665.1	E/150	aroB_alt1	aroB_alt1_R	R	20	EXACT	0		0	0	NC_017439.1	-	421550	421569	1
primary	GCF_000092665.1	E/150	aroB_alt1	aroB_alt1_probe	probe	27	EXACT	0		0	0	NC_017439.1	+	421488	421514	1
primary	GCF_000092665.1	E/150	aroB_alt2	aroB_alt2_F	F	21	EXACT	0		0	0	NC_017439.1	+	422445	422465	1
primary	GCF_000092665.1	E/150	aroB_alt2	aroB_alt2_R	R	20	EXACT	0		0	0	NC_017439.1	-	422507	422526	1
primary	GCF_000092665.1	E/150	aroB_alt2	aroB_alt2_probe	probe	25	EXACT	0		0	0	NC_017439.1	+	422477	422501	1
primary	GCF_000092665.1	E/150	PSD2_primary	PSD2_F	F	20	EXACT	0		0	0	NC_017439.1	+	803099	803118	1
primary	GCF_000092665.1	E/150	PSD2_primary	PSD2_R	R	20	EXACT	0		0	0	NC_017439.1	-	803293	803312	1
primary	GCF_000092665.1	E/150	PSD2_primary	PSD2_probe	probe	22	EXACT	0		0	0	NC_017439.1	+	803247	803268	1
primary	GCF_000092665.1	E/150	PSD2_alt1	PSD2_alt1_F	F	20	EXACT	0		0	0	NC_017439.1	+	802682	802701	1
primary	GCF_000092665.1	E/150	PSD2_alt1	PSD2_alt1_R	R	19	EXACT	0		0	0	NC_017439.1	-	802745	802763	1
primary	GCF_000092665.1	E/150	PSD2_alt1	PSD2_alt1_probe	probe	28	EXACT	0		0	0	NC_017439.1	+	802717	802744	1
primary	GCF_000092665.1	E/150	group_306	group_306_F	F	20	EXACT	0		0	0	NC_017439.1	-	1015659	1015678	1
primary	GCF_000092665.1	E/150	group_306	group_306_R	R	20	EXACT	0		0	0	NC_017439.1	+	1015589	1015608	1
primary	GCF_000092665.1	E/150	group_306	group_306_probe	probe	22	EXACT	0		0	0	NC_017439.1	-	1015611	1015632	1
primary	GCF_000092685.1	G/9768	mutL	mutL_F	F	20	EXACT	0		0	0	NC_017429.1	-	648258	648277	1
primary	GCF_000092685.1	G/9768	mutL	mutL_R	R	20	EXACT	0		0	0	NC_017429.1	+	648151	648170	1
primary	GCF_000092685.1	G/9768	mutL	mutL_probe	probe	22	EXACT	0		0	0	NC_017429.1	-	648209	648230	1
primary	GCF_000092685.1	G/9768	aroB_primary	aroB_F	F	20	EXACT	0		0	0	NC_017429.1	+	421917	421936	1
primary	GCF_000092685.1	G/9768	aroB_primary	aroB_R	R	20	EXACT	0		0	0	NC_017429.1	-	422041	422060	1
primary	GCF_000092685.1	G/9768	aroB_primary	aroB_probe	probe	25	EXACT	0		0	0	NC_017429.1	+	422007	422031	1
primary	GCF_000092685.1	G/9768	aroB_alt1	aroB_alt1_F	F	19	EXACT	0		0	0	NC_017429.1	+	421566	421584	1
primary	GCF_000092685.1	G/9768	aroB_alt1	aroB_alt1_R	R	20	EXACT	0		0	0	NC_017429.1	-	421647	421666	1
primary	GCF_000092685.1	G/9768	aroB_alt1	aroB_alt1_probe	probe	27	EXACT	0		0	0	NC_017429.1	+	421585	421611	1
primary	GCF_000092685.1	G/9768	aroB_alt2	aroB_alt2_F	F	21	EXACT	0		0	0	NC_017429.1	+	422542	422562	1
primary	GCF_000092685.1	G/9768	aroB_alt2	aroB_alt2_R	R	20	EXACT	0		0	0	NC_017429.1	-	422604	422623	1
primary	GCF_000092685.1	G/9768	aroB_alt2	aroB_alt2_probe	probe	25	EXACT	0		0	0	NC_017429.1	+	422574	422598	1
primary	GCF_000092685.1	G/9768	PSD2_primary	PSD2_F	F	20	EXACT	0		0	0	NC_017429.1	+	802939	802958	1
primary	GCF_000092685.1	G/9768	PSD2_primary	PSD2_R	R	20	EXACT	0		0	0	NC_017429.1	-	803133	803152	1
primary	GCF_000092685.1	G/9768	PSD2_primary	PSD2_probe	probe	22	EXACT	0		0	0	NC_017429.1	+	803087	803108	1
primary	GCF_000092685.1	G/9768	PSD2_alt1	PSD2_alt1_F	F	20	EXACT	0		0	0	NC_017429.1	+	802522	802541	1
primary	GCF_000092685.1	G/9768	PSD2_alt1	PSD2_alt1_R	R	19	EXACT	0		0	0	NC_017429.1	-	802585	802603	1
primary	GCF_000092685.1	G/9768	PSD2_alt1	PSD2_alt1_probe	probe	28	EXACT	0		0	0	NC_017429.1	+	802557	802584	1
primary	GCF_000092685.1	G/9768	group_306	group_306_F	F	20	EXACT	0		0	0	NC_017429.1	-	1015460	1015479	1
primary	GCF_000092685.1	G/9768	group_306	group_306_R	R	20	EXACT	0		0	0	NC_017429.1	+	1015390	1015409	1
primary	GCF_000092685.1	G/9768	group_306	group_306_probe	probe	22	EXACT	0		0	0	NC_017429.1	-	1015412	1015433	1
primary	GCF_000092705.1	G/11222	mutL	mutL_F	F	20	EXACT	0		0	0	NC_017430.1	-	647815	647834	1
primary	GCF_000092705.1	G/11222	mutL	mutL_R	R	20	EXACT	0		0	0	NC_017430.1	+	647708	647727	1
primary	GCF_000092705.1	G/11222	mutL	mutL_probe	probe	22	EXACT	0		0	0	NC_017430.1	-	647766	647787	1
primary	GCF_000092705.1	G/11222	aroB_primary	aroB_F	F	20	EXACT	0		0	0	NC_017430.1	+	421487	421506	1
primary	GCF_000092705.1	G/11222	aroB_primary	aroB_R	R	20	EXACT	0		0	0	NC_017430.1	-	421611	421630	1
primary	GCF_000092705.1	G/11222	aroB_primary	aroB_probe	probe	25	EXACT	0		0	0	NC_017430.1	+	421577	421601	1
primary	GCF_000092705.1	G/11222	aroB_alt1	aroB_alt1_F	F	19	EXACT	0		0	0	NC_017430.1	+	421136	421154	1
primary	GCF_000092705.1	G/11222	aroB_alt1	aroB_alt1_R	R	20	EXACT	0		0	0	NC_017430.1	-	421217	421236	1
primary	GCF_000092705.1	G/11222	aroB_alt1	aroB_alt1_probe	probe	27	EXACT	0		0	0	NC_017430.1	+	421155	421181	1
primary	GCF_000092705.1	G/11222	aroB_alt2	aroB_alt2_F	F	21	EXACT	0		0	0	NC_017430.1	+	422112	422132	1
primary	GCF_000092705.1	G/11222	aroB_alt2	aroB_alt2_R	R	20	EXACT	0		0	0	NC_017430.1	-	422174	422193	1
primary	GCF_000092705.1	G/11222	aroB_alt2	aroB_alt2_probe	probe	25	EXACT	0		0	0	NC_017430.1	+	422144	422168	1
primary	GCF_000092705.1	G/11222	PSD2_primary	PSD2_F	F	20	EXACT	0		0	0	NC_017430.1	+	802490	802509	1
primary	GCF_000092705.1	G/11222	PSD2_primary	PSD2_R	R	20	EXACT	0		0	0	NC_017430.1	-	802684	802703	1
primary	GCF_000092705.1	G/11222	PSD2_primary	PSD2_probe	probe	22	EXACT	0		0	0	NC_017430.1	+	802638	802659	1
primary	GCF_000092705.1	G/11222	PSD2_alt1	PSD2_alt1_F	F	20	EXACT	0		0	0	NC_017430.1	+	802073	802092	1
primary	GCF_000092705.1	G/11222	PSD2_alt1	PSD2_alt1_R	R	19	EXACT	0		0	0	NC_017430.1	-	802136	802154	1
primary	GCF_000092705.1	G/11222	PSD2_alt1	PSD2_alt1_probe	probe	28	EXACT	0		0	0	NC_017430.1	+	802108	802135	1
primary	GCF_000092705.1	G/11222	group_306	group_306_F	F	20	EXACT	0		0	0	NC_017430.1	-	1015006	1015025	1
primary	GCF_000092705.1	G/11222	group_306	group_306_R	R	20	EXACT	0		0	0	NC_017430.1	+	1014936	1014955	1
primary	GCF_000092705.1	G/11222	group_306	group_306_probe	probe	22	EXACT	0		0	0	NC_017430.1	-	1014958	1014979	1
primary	GCF_000092725.1	G/11074	mutL	mutL_F	F	20	EXACT	0		0	0	NC_017440.1	-	648323	648342	1
primary	GCF_000092725.1	G/11074	mutL	mutL_R	R	20	EXACT	0		0	0	NC_017440.1	+	648216	648235	1
primary	GCF_000092725.1	G/11074	mutL	mutL_probe	probe	22	EXACT	0		0	0	NC_017440.1	-	648274	648295	1
primary	GCF_000092725.1	G/11074	aroB_primary	aroB_F	F	20	EXACT	0		0	0	NC_017440.1	+	421918	421937	1
primary	GCF_000092725.1	G/11074	aroB_primary	aroB_R	R	20	EXACT	0		0	0	NC_017440.1	-	422042	422061	1
primary	GCF_000092725.1	G/11074	aroB_primary	aroB_probe	probe	25	EXACT	0		0	0	NC_017440.1	+	422008	422032	1
primary	GCF_000092725.1	G/11074	aroB_alt1	aroB_alt1_F	F	19	EXACT	0		0	0	NC_017440.1	+	421567	421585	1
primary	GCF_000092725.1	G/11074	aroB_alt1	aroB_alt1_R	R	20	EXACT	0		0	0	NC_017440.1	-	421648	421667	1
primary	GCF_000092725.1	G/11074	aroB_alt1	aroB_alt1_probe	probe	27	EXACT	0		0	0	NC_017440.1	+	421586	421612	1
primary	GCF_000092725.1	G/11074	aroB_alt2	aroB_alt2_F	F	21	EXACT	0		0	0	NC_017440.1	+	422543	422563	1
primary	GCF_000092725.1	G/11074	aroB_alt2	aroB_alt2_R	R	20	EXACT	0		0	0	NC_017440.1	-	422605	422624	1
primary	GCF_000092725.1	G/11074	aroB_alt2	aroB_alt2_probe	probe	25	EXACT	0		0	0	NC_017440.1	+	422575	422599	1
primary	GCF_000092725.1	G/11074	PSD2_primary	PSD2_F	F	20	EXACT	0		0	0	NC_017440.1	+	803004	803023	1
primary	GCF_000092725.1	G/11074	PSD2_primary	PSD2_R	R	20	EXACT	0		0	0	NC_017440.1	-	803198	803217	1
primary	GCF_000092725.1	G/11074	PSD2_primary	PSD2_probe	probe	22	EXACT	0		0	0	NC_017440.1	+	803152	803173	1
primary	GCF_000092725.1	G/11074	PSD2_alt1	PSD2_alt1_F	F	20	EXACT	0		0	0	NC_017440.1	+	802587	802606	1
primary	GCF_000092725.1	G/11074	PSD2_alt1	PSD2_alt1_R	R	19	EXACT	0		0	0	NC_017440.1	-	802650	802668	1
primary	GCF_000092725.1	G/11074	PSD2_alt1	PSD2_alt1_probe	probe	28	EXACT	0		0	0	NC_017440.1	+	802622	802649	1
primary	GCF_000092725.1	G/11074	group_306	group_306_F	F	20	EXACT	0		0	0	NC_017440.1	-	1015525	1015544	1
primary	GCF_000092725.1	G/11074	group_306	group_306_R	R	20	EXACT	0		0	0	NC_017440.1	+	1015455	1015474	1
primary	GCF_000092725.1	G/11074	group_306	group_306_probe	probe	22	EXACT	0		0	0	NC_017440.1	-	1015477	1015498	1
primary	GCF_000092745.1	E/11023	mutL	mutL_F	F	20	EXACT	0		0	0	NC_017431.1	-	648437	648456	1
primary	GCF_000092745.1	E/11023	mutL	mutL_R	R	20	EXACT	0		0	0	NC_017431.1	+	648330	648349	1
primary	GCF_000092745.1	E/11023	mutL	mutL_probe	probe	22	EXACT	0		0	0	NC_017431.1	-	648388	648409	2
primary	GCF_000092745.1	E/11023	aroB_primary	aroB_F	F	20	EXACT	0		0	0	NC_017431.1	+	421836	421855	1
primary	GCF_000092745.1	E/11023	aroB_primary	aroB_R	R	20	EXACT	0		0	0	NC_017431.1	-	421960	421979	1
primary	GCF_000092745.1	E/11023	aroB_primary	aroB_probe	probe	25	EXACT	0		0	0	NC_017431.1	+	421926	421950	1
primary	GCF_000092745.1	E/11023	aroB_alt1	aroB_alt1_F	F	19	EXACT	0		0	0	NC_017431.1	+	421485	421503	1
primary	GCF_000092745.1	E/11023	aroB_alt1	aroB_alt1_R	R	20	EXACT	0		0	0	NC_017431.1	-	421566	421585	1
primary	GCF_000092745.1	E/11023	aroB_alt1	aroB_alt1_probe	probe	27	EXACT	0		0	0	NC_017431.1	+	421504	421530	1
primary	GCF_000092745.1	E/11023	aroB_alt2	aroB_alt2_F	F	21	EXACT	0		0	0	NC_017431.1	+	422461	422481	1
primary	GCF_000092745.1	E/11023	aroB_alt2	aroB_alt2_R	R	20	EXACT	0		0	0	NC_017431.1	-	422523	422542	1
primary	GCF_000092745.1	E/11023	aroB_alt2	aroB_alt2_probe	probe	25	EXACT	0		0	0	NC_017431.1	+	422493	422517	1
primary	GCF_000092745.1	E/11023	PSD2_primary	PSD2_F	F	20	EXACT	0		0	0	NC_017431.1	+	803114	803133	1
primary	GCF_000092745.1	E/11023	PSD2_primary	PSD2_R	R	20	EXACT	0		0	0	NC_017431.1	-	803308	803327	1
primary	GCF_000092745.1	E/11023	PSD2_primary	PSD2_probe	probe	22	EXACT	0		0	0	NC_017431.1	+	803262	803283	1
primary	GCF_000092745.1	E/11023	PSD2_alt1	PSD2_alt1_F	F	20	EXACT	0		0	0	NC_017431.1	+	802697	802716	1
primary	GCF_000092745.1	E/11023	PSD2_alt1	PSD2_alt1_R	R	19	EXACT	0		0	0	NC_017431.1	-	802760	802778	1
primary	GCF_000092745.1	E/11023	PSD2_alt1	PSD2_alt1_probe	probe	28	EXACT	0		0	0	NC_017431.1	+	802732	802759	1
primary	GCF_000092745.1	E/11023	group_306	group_306_F	F	20	EXACT	0		0	0	NC_017431.1	-	1015676	1015695	1
primary	GCF_000092745.1	E/11023	group_306	group_306_R	R	20	EXACT	0		0	0	NC_017431.1	+	1015606	1015625	1
primary	GCF_000092745.1	E/11023	group_306	group_306_probe	probe	22	EXACT	0		0	0	NC_017431.1	-	1015628	1015649	1
primary	GCF_000092805.1	G/9301	mutL	mutL_F	F	20	EXACT	0		0	0	NC_017432.1	-	648259	648278	1
primary	GCF_000092805.1	G/9301	mutL	mutL_R	R	20	EXACT	0		0	0	NC_017432.1	+	648152	648171	1
primary	GCF_000092805.1	G/9301	mutL	mutL_probe	probe	22	EXACT	0		0	0	NC_017432.1	-	648210	648231	1
primary	GCF_000092805.1	G/9301	aroB_primary	aroB_F	F	20	EXACT	0		0	0	NC_017432.1	+	421918	421937	1
primary	GCF_000092805.1	G/9301	aroB_primary	aroB_R	R	20	EXACT	0		0	0	NC_017432.1	-	422042	422061	1
primary	GCF_000092805.1	G/9301	aroB_primary	aroB_probe	probe	25	EXACT	0		0	0	NC_017432.1	+	422008	422032	1
primary	GCF_000092805.1	G/9301	aroB_alt1	aroB_alt1_F	F	19	EXACT	0		0	0	NC_017432.1	+	421567	421585	1
primary	GCF_000092805.1	G/9301	aroB_alt1	aroB_alt1_R	R	20	EXACT	0		0	0	NC_017432.1	-	421648	421667	1
primary	GCF_000092805.1	G/9301	aroB_alt1	aroB_alt1_probe	probe	27	EXACT	0		0	0	NC_017432.1	+	421586	421612	1
primary	GCF_000092805.1	G/9301	aroB_alt2	aroB_alt2_F	F	21	EXACT	0		0	0	NC_017432.1	+	422543	422563	1
primary	GCF_000092805.1	G/9301	aroB_alt2	aroB_alt2_R	R	20	EXACT	0		0	0	NC_017432.1	-	422605	422624	1
primary	GCF_000092805.1	G/9301	aroB_alt2	aroB_alt2_probe	probe	25	EXACT	0		0	0	NC_017432.1	+	422575	422599	1
primary	GCF_000092805.1	G/9301	PSD2_primary	PSD2_F	F	20	EXACT	0		0	0	NC_017432.1	+	802940	802959	1
primary	GCF_000092805.1	G/9301	PSD2_primary	PSD2_R	R	20	EXACT	0		0	0	NC_017432.1	-	803134	803153	1
primary	GCF_000092805.1	G/9301	PSD2_primary	PSD2_probe	probe	22	EXACT	0		0	0	NC_017432.1	+	803088	803109	1
primary	GCF_000092805.1	G/9301	PSD2_alt1	PSD2_alt1_F	F	20	EXACT	0		0	0	NC_017432.1	+	802523	802542	1
primary	GCF_000092805.1	G/9301	PSD2_alt1	PSD2_alt1_R	R	19	EXACT	0		0	0	NC_017432.1	-	802586	802604	1
primary	GCF_000092805.1	G/9301	PSD2_alt1	PSD2_alt1_probe	probe	28	EXACT	0		0	0	NC_017432.1	+	802558	802585	1
primary	GCF_000092805.1	G/9301	group_306	group_306_F	F	20	EXACT	0		0	0	NC_017432.1	-	1015461	1015480	1
primary	GCF_000092805.1	G/9301	group_306	group_306_R	R	20	EXACT	0		0	0	NC_017432.1	+	1015391	1015410	1
primary	GCF_000092805.1	G/9301	group_306	group_306_probe	probe	22	EXACT	0		0	0	NC_017432.1	-	1015413	1015434	1
primary	GCF_000093005.1	D-LC	mutL	mutL_F	F	20	EXACT	0		0	0	NC_017436.1	-	647996	648015	1
primary	GCF_000093005.1	D-LC	mutL	mutL_R	R	20	EXACT	0		0	0	NC_017436.1	+	647889	647908	1
primary	GCF_000093005.1	D-LC	mutL	mutL_probe	probe	22	EXACT	0		0	0	NC_017436.1	-	647947	647968	1
primary	GCF_000093005.1	D-LC	aroB_primary	aroB_F	F	20	EXACT	0		0	0	NC_017436.1	+	421304	421323	1
primary	GCF_000093005.1	D-LC	aroB_primary	aroB_R	R	20	EXACT	0		0	0	NC_017436.1	-	421428	421447	1
primary	GCF_000093005.1	D-LC	aroB_primary	aroB_probe	probe	25	EXACT	0		0	0	NC_017436.1	+	421394	421418	1
primary	GCF_000093005.1	D-LC	aroB_alt1	aroB_alt1_F	F	19	EXACT	0		0	0	NC_017436.1	+	420953	420971	1
primary	GCF_000093005.1	D-LC	aroB_alt1	aroB_alt1_R	R	20	EXACT	0		0	0	NC_017436.1	-	421034	421053	1
primary	GCF_000093005.1	D-LC	aroB_alt1	aroB_alt1_probe	probe	27	EXACT	0		0	0	NC_017436.1	+	420972	420998	1
primary	GCF_000093005.1	D-LC	aroB_alt2	aroB_alt2_F	F	21	EXACT	0		0	0	NC_017436.1	+	421929	421949	1
primary	GCF_000093005.1	D-LC	aroB_alt2	aroB_alt2_R	R	20	EXACT	0		0	0	NC_017436.1	-	421991	422010	1
primary	GCF_000093005.1	D-LC	aroB_alt2	aroB_alt2_probe	probe	25	EXACT	0		0	0	NC_017436.1	+	421961	421985	1
primary	GCF_000093005.1	D-LC	PSD2_primary	PSD2_F	F	20	EXACT	0		0	0	NC_017436.1	+	802647	802666	1
primary	GCF_000093005.1	D-LC	PSD2_primary	PSD2_R	R	20	EXACT	0		0	0	NC_017436.1	-	802841	802860	1
primary	GCF_000093005.1	D-LC	PSD2_primary	PSD2_probe	probe	22	EXACT	0		0	0	NC_017436.1	+	802795	802816	1
primary	GCF_000093005.1	D-LC	PSD2_alt1	PSD2_alt1_F	F	20	EXACT	0		0	0	NC_017436.1	+	802230	802249	1
primary	GCF_000093005.1	D-LC	PSD2_alt1	PSD2_alt1_R	R	19	EXACT	0		0	0	NC_017436.1	-	802293	802311	1
primary	GCF_000093005.1	D-LC	PSD2_alt1	PSD2_alt1_probe	probe	28	EXACT	0		0	0	NC_017436.1	+	802265	802292	1
primary	GCF_000093005.1	D-LC	group_306	group_306_F	F	20	EXACT	0		0	0	NC_017436.1	-	1015166	1015185	1
primary	GCF_000093005.1	D-LC	group_306	group_306_R	R	20	EXACT	0		0	0	NC_017436.1	+	1015096	1015115	1
primary	GCF_000093005.1	D-LC	group_306	group_306_probe	probe	22	EXACT	0		0	0	NC_017436.1	-	1015118	1015139	1
primary	GCF_000173475.1	6276	mutL	mutL_F	F	20	EXACT	0		0	0	NZ_ABYD01000001.1	-	648634	648653	1
primary	GCF_000173475.1	6276	mutL	mutL_R	R	20	EXACT	0		0	0	NZ_ABYD01000001.1	+	648527	648546	1
primary	GCF_000173475.1	6276	mutL	mutL_probe	probe	22	EXACT	0		0	0	NZ_ABYD01000001.1	-	648585	648606	1
primary	GCF_000173475.1	6276	aroB_primary	aroB_F	F	20	EXACT	0		0	0	NZ_ABYD01000001.1	+	421934	421953	1
primary	GCF_000173475.1	6276	aroB_primary	aroB_R	R	20	EXACT	0		0	0	NZ_ABYD01000001.1	-	422058	422077	1
primary	GCF_000173475.1	6276	aroB_primary	aroB_probe	probe	25	EXACT	0		0	0	NZ_ABYD01000001.1	+	422024	422048	1
primary	GCF_000173475.1	6276	aroB_alt1	aroB_alt1_F	F	19	EXACT	0		0	0	NZ_ABYD01000001.1	+	421583	421601	1
primary	GCF_000173475.1	6276	aroB_alt1	aroB_alt1_R	R	20	EXACT	0		0	0	NZ_ABYD01000001.1	-	421664	421683	1
primary	GCF_000173475.1	6276	aroB_alt1	aroB_alt1_probe	probe	27	EXACT	0		0	0	NZ_ABYD01000001.1	+	421602	421628	1
primary	GCF_000173475.1	6276	aroB_alt2	aroB_alt2_F	F	21	EXACT	0		0	0	NZ_ABYD01000001.1	+	422559	422579	1
primary	GCF_000173475.1	6276	aroB_alt2	aroB_alt2_R	R	20	EXACT	0		0	0	NZ_ABYD01000001.1	-	422621	422640	1
primary	GCF_000173475.1	6276	aroB_alt2	aroB_alt2_probe	probe	25	EXACT	0		0	0	NZ_ABYD01000001.1	+	422591	422615	1
primary	GCF_000173475.1	6276	PSD2_primary	PSD2_F	F	20	EXACT	0		0	0	NZ_ABYD01000001.1	+	803315	803334	1
primary	GCF_000173475.1	6276	PSD2_primary	PSD2_R	R	20	EXACT	0		0	0	NZ_ABYD01000001.1	-	803509	803528	1
primary	GCF_000173475.1	6276	PSD2_primary	PSD2_probe	probe	22	EXACT	0		0	0	NZ_ABYD01000001.1	+	803463	803484	1
primary	GCF_000173475.1	6276	PSD2_alt1	PSD2_alt1_F	F	20	EXACT	0		0	0	NZ_ABYD01000001.1	+	802898	802917	1
primary	GCF_000173475.1	6276	PSD2_alt1	PSD2_alt1_R	R	19	EXACT	0		0	0	NZ_ABYD01000001.1	-	802961	802979	1
primary	GCF_000173475.1	6276	PSD2_alt1	PSD2_alt1_probe	probe	28	EXACT	0		0	0	NZ_ABYD01000001.1	+	802933	802960	1
primary	GCF_000173475.1	6276	group_306	group_306_F	F	20	EXACT	0		0	0	NZ_ABYD01000001.1	-	1015825	1015844	1
primary	GCF_000173475.1	6276	group_306	group_306_R	R	20	EXACT	0		0	0	NZ_ABYD01000001.1	+	1015755	1015774	1
primary	GCF_000173475.1	6276	group_306	group_306_probe	probe	22	EXACT	0		0	0	NZ_ABYD01000001.1	-	1015777	1015798	1
primary	GCF_000173495.1	6276s	mutL	mutL_F	F	20	EXACT	0		0	0	NZ_ABYE01000001.1	-	648633	648652	1
primary	GCF_000173495.1	6276s	mutL	mutL_R	R	20	EXACT	0		0	0	NZ_ABYE01000001.1	+	648526	648545	1
primary	GCF_000173495.1	6276s	mutL	mutL_probe	probe	22	EXACT	0		0	0	NZ_ABYE01000001.1	-	648584	648605	1
primary	GCF_000173495.1	6276s	aroB_primary	aroB_F	F	20	EXACT	0		0	0	NZ_ABYE01000001.1	+	421933	421952	1
primary	GCF_000173495.1	6276s	aroB_primary	aroB_R	R	20	EXACT	0		0	0	NZ_ABYE01000001.1	-	422057	422076	1
primary	GCF_000173495.1	6276s	aroB_primary	aroB_probe	probe	25	EXACT	0		0	0	NZ_ABYE01000001.1	+	422023	422047	1
primary	GCF_000173495.1	6276s	aroB_alt1	aroB_alt1_F	F	19	EXACT	0		0	0	NZ_ABYE01000001.1	+	421582	421600	1
primary	GCF_000173495.1	6276s	aroB_alt1	aroB_alt1_R	R	20	EXACT	0		0	0	NZ_ABYE01000001.1	-	421663	421682	1
primary	GCF_000173495.1	6276s	aroB_alt1	aroB_alt1_probe	probe	27	EXACT	0		0	0	NZ_ABYE01000001.1	+	421601	421627	1
primary	GCF_000173495.1	6276s	aroB_alt2	aroB_alt2_F	F	21	EXACT	0		0	0	NZ_ABYE01000001.1	+	422558	422578	1
primary	GCF_000173495.1	6276s	aroB_alt2	aroB_alt2_R	R	20	EXACT	0		0	0	NZ_ABYE01000001.1	-	422620	422639	1
primary	GCF_000173495.1	6276s	aroB_alt2	aroB_alt2_probe	probe	25	EXACT	0		0	0	NZ_ABYE01000001.1	+	422590	422614	1
primary	GCF_000173495.1	6276s	PSD2_primary	PSD2_F	F	20	EXACT	0		0	0	NZ_ABYE01000001.1	+	803314	803333	1
primary	GCF_000173495.1	6276s	PSD2_primary	PSD2_R	R	20	EXACT	0		0	0	NZ_ABYE01000001.1	-	803508	803527	1
primary	GCF_000173495.1	6276s	PSD2_primary	PSD2_probe	probe	22	EXACT	0		0	0	NZ_ABYE01000001.1	+	803462	803483	1
primary	GCF_000173495.1	6276s	PSD2_alt1	PSD2_alt1_F	F	20	EXACT	0		0	0	NZ_ABYE01000001.1	+	802897	802916	1
primary	GCF_000173495.1	6276s	PSD2_alt1	PSD2_alt1_R	R	19	EXACT	0		0	0	NZ_ABYE01000001.1	-	802960	802978	1
primary	GCF_000173495.1	6276s	PSD2_alt1	PSD2_alt1_probe	probe	28	EXACT	0		0	0	NZ_ABYE01000001.1	+	802932	802959	1
primary	GCF_000173495.1	6276s	group_306	group_306_F	F	20	EXACT	0		0	0	NZ_ABYE01000001.1	-	1015826	1015845	1
primary	GCF_000173495.1	6276s	group_306	group_306_R	R	20	EXACT	0		0	0	NZ_ABYE01000001.1	+	1015756	1015775	1
primary	GCF_000173495.1	6276s	group_306	group_306_probe	probe	22	EXACT	0		0	0	NZ_ABYE01000001.1	-	1015778	1015799	1
primary	GCF_000173515.1	70	mutL	mutL_F	F	20	EXACT	0		0	0	NZ_ABYF01000001.1	-	653459	653478	1
primary	GCF_000173515.1	70	mutL	mutL_R	R	20	EXACT	0		0	0	NZ_ABYF01000001.1	+	653352	653371	1
primary	GCF_000173515.1	70	mutL	mutL_probe	probe	22	EXACT	0		0	0	NZ_ABYF01000001.1	-	653410	653431	2
primary	GCF_000173515.1	70	aroB_primary	aroB_F	F	20	EXACT	0		0	0	NZ_ABYF01000001.1	+	426927	426946	1
primary	GCF_000173515.1	70	aroB_primary	aroB_R	R	20	EXACT	0		0	0	NZ_ABYF01000001.1	-	427051	427070	1
primary	GCF_000173515.1	70	aroB_primary	aroB_probe	probe	25	EXACT	0		0	0	NZ_ABYF01000001.1	+	427017	427041	1
primary	GCF_000173515.1	70	aroB_alt1	aroB_alt1_F	F	19	EXACT	0		0	0	NZ_ABYF01000001.1	+	426576	426594	1
primary	GCF_000173515.1	70	aroB_alt1	aroB_alt1_R	R	20	EXACT	0		0	0	NZ_ABYF01000001.1	-	426657	426676	1
primary	GCF_000173515.1	70	aroB_alt1	aroB_alt1_probe	probe	27	EXACT	0		0	0	NZ_ABYF01000001.1	+	426595	426621	1
primary	GCF_000173515.1	70	aroB_alt2	aroB_alt2_F	F	21	EXACT	0		0	0	NZ_ABYF01000001.1	+	427552	427572	1
primary	GCF_000173515.1	70	aroB_alt2	aroB_alt2_R	R	20	EXACT	0		0	0	NZ_ABYF01000001.1	-	427614	427633	1
primary	GCF_000173515.1	70	aroB_alt2	aroB_alt2_probe	probe	25	EXACT	0		0	0	NZ_ABYF01000001.1	+	427584	427608	1
primary	GCF_000173515.1	70	PSD2_primary	PSD2_F	F	20	EXACT	0		0	0	NZ_ABYF01000001.1	+	808111	808130	1
primary	GCF_000173515.1	70	PSD2_primary	PSD2_R	R	20	EXACT	0		0	0	NZ_ABYF01000001.1	-	808305	808324	1
primary	GCF_000173515.1	70	PSD2_primary	PSD2_probe	probe	22	EXACT	0		0	0	NZ_ABYF01000001.1	+	808259	808280	1
primary	GCF_000173515.1	70	PSD2_alt1	PSD2_alt1_F	F	20	EXACT	0		0	0	NZ_ABYF01000001.1	+	807694	807713	1
primary	GCF_000173515.1	70	PSD2_alt1	PSD2_alt1_R	R	19	EXACT	0		0	0	NZ_ABYF01000001.1	-	807757	807775	1
primary	GCF_000173515.1	70	PSD2_alt1	PSD2_alt1_probe	probe	28	EXACT	0		0	0	NZ_ABYF01000001.1	+	807729	807756	1
primary	GCF_000173515.1	70	group_306	group_306_F	F	20	EXACT	0		0	0	NZ_ABYF01000001.1	-	1020650	1020669	1
primary	GCF_000173515.1	70	group_306	group_306_R	R	20	EXACT	0		0	0	NZ_ABYF01000001.1	+	1020580	1020599	1
primary	GCF_000173515.1	70	group_306	group_306_probe	probe	22	EXACT	0		0	0	NZ_ABYF01000001.1	-	1020602	1020623	1
primary	GCF_000173535.1	70s	mutL	mutL_F	F	20	EXACT	0		0	0	NZ_ABYG01000001.1	-	651516	651535	1
primary	GCF_000173535.1	70s	mutL	mutL_R	R	20	EXACT	0		0	0	NZ_ABYG01000001.1	+	651409	651428	1
primary	GCF_000173535.1	70s	mutL	mutL_probe	probe	22	EXACT	0		0	0	NZ_ABYG01000001.1	-	651467	651488	2
primary	GCF_000173535.1	70s	aroB_primary	aroB_F	F	20	EXACT	0		0	0	NZ_ABYG01000001.1	+	424984	425003	1
primary	GCF_000173535.1	70s	aroB_primary	aroB_R	R	20	EXACT	0		0	0	NZ_ABYG01000001.1	-	425108	425127	1
primary	GCF_000173535.1	70s	aroB_primary	aroB_probe	probe	25	EXACT	0		0	0	NZ_ABYG01000001.1	+	425074	425098	1
primary	GCF_000173535.1	70s	aroB_alt1	aroB_alt1_F	F	19	EXACT	0		0	0	NZ_ABYG01000001.1	+	424633	424651	1
primary	GCF_000173535.1	70s	aroB_alt1	aroB_alt1_R	R	20	EXACT	0		0	0	NZ_ABYG01000001.1	-	424714	424733	1
primary	GCF_000173535.1	70s	aroB_alt1	aroB_alt1_probe	probe	27	EXACT	0		0	0	NZ_ABYG01000001.1	+	424652	424678	1
primary	GCF_000173535.1	70s	aroB_alt2	aroB_alt2_F	F	21	EXACT	0		0	0	NZ_ABYG01000001.1	+	425609	425629	1
primary	GCF_000173535.1	70s	aroB_alt2	aroB_alt2_R	R	20	EXACT	0		0	0	NZ_ABYG01000001.1	-	425671	425690	1
primary	GCF_000173535.1	70s	aroB_alt2	aroB_alt2_probe	probe	25	EXACT	0		0	0	NZ_ABYG01000001.1	+	425641	425665	1
primary	GCF_000173535.1	70s	PSD2_primary	PSD2_F	F	20	EXACT	0		0	0	NZ_ABYG01000001.1	+	806168	806187	1
primary	GCF_000173535.1	70s	PSD2_primary	PSD2_R	R	20	EXACT	0		0	0	NZ_ABYG01000001.1	-	806362	806381	1
primary	GCF_000173535.1	70s	PSD2_primary	PSD2_probe	probe	22	EXACT	0		0	0	NZ_ABYG01000001.1	+	806316	806337	1
primary	GCF_000173535.1	70s	PSD2_alt1	PSD2_alt1_F	F	20	EXACT	0		0	0	NZ_ABYG01000001.1	+	805751	805770	1
primary	GCF_000173535.1	70s	PSD2_alt1	PSD2_alt1_R	R	19	EXACT	0		0	0	NZ_ABYG01000001.1	-	805814	805832	1
primary	GCF_000173535.1	70s	PSD2_alt1	PSD2_alt1_probe	probe	28	EXACT	0		0	0	NZ_ABYG01000001.1	+	805786	805813	1
primary	GCF_000173535.1	70s	group_306	group_306_F	F	20	EXACT	0		0	0	NZ_ABYG01000001.1	-	1018708	1018727	1
primary	GCF_000173535.1	70s	group_306	group_306_R	R	20	EXACT	0		0	0	NZ_ABYG01000001.1	+	1018638	1018657	1
primary	GCF_000173535.1	70s	group_306	group_306_probe	probe	22	EXACT	0		0	0	NZ_ABYG01000001.1	-	1018660	1018681	1
primary	GCF_000174055.1	2923	mutL	mutL_F	F	20	EXACT	0		0	0	NZ_ACFJ01000001.1	-	648198	648217	1
primary	GCF_000174055.1	2923	mutL	mutL_R	R	20	EXACT	0		0	0	NZ_ACFJ01000001.1	+	648091	648110	1
primary	GCF_000174055.1	2923	mutL	mutL_probe	probe	22	EXACT	0		0	0	NZ_ACFJ01000001.1	-	648149	648170	2
primary	GCF_000174055.1	2923	aroB_primary	aroB_F	F	20	EXACT	0		0	0	NZ_ACFJ01000001.1	+	421454	421473	1
primary	GCF_000174055.1	2923	aroB_primary	aroB_R	R	20	EXACT	0		0	0	NZ_ACFJ01000001.1	-	421578	421597	1
primary	GCF_000174055.1	2923	aroB_primary	aroB_probe	probe	25	EXACT	0		0	0	NZ_ACFJ01000001.1	+	421544	421568	1
primary	GCF_000174055.1	2923	aroB_alt1	aroB_alt1_F	F	19	EXACT	0		0	0	NZ_ACFJ01000001.1	+	421103	421121	1
primary	GCF_000174055.1	2923	aroB_alt1	aroB_alt1_R	R	20	EXACT	0		0	0	NZ_ACFJ01000001.1	-	421184	421203	1
primary	GCF_000174055.1	2923	aroB_alt1	aroB_alt1_probe	probe	27	EXACT	0		0	0	NZ_ACFJ01000001.1	+	421122	421148	1
primary	GCF_000174055.1	2923	aroB_alt2	aroB_alt2_F	F	21	EXACT	0		0	0	NZ_ACFJ01000001.1	+	422079	422099	1
primary	GCF_000174055.1	2923	aroB_alt2	aroB_alt2_R	R	20	EXACT	0		0	0	NZ_ACFJ01000001.1	-	422141	422160	1
primary	GCF_000174055.1	2923	aroB_alt2	aroB_alt2_probe	probe	25	EXACT	0		0	0	NZ_ACFJ01000001.1	+	422111	422135	1
primary	GCF_000174055.1	2923	PSD2_primary	PSD2_F	F	20	EXACT	0		0	0	NZ_ACFJ01000001.1	+	802847	802866	1
primary	GCF_000174055.1	2923	PSD2_primary	PSD2_R	R	20	EXACT	0		0	0	NZ_ACFJ01000001.1	-	803041	803060	1
primary	GCF_000174055.1	2923	PSD2_primary	PSD2_probe	probe	22	EXACT	0		0	0	NZ_ACFJ01000001.1	+	802995	803016	1
primary	GCF_000174055.1	2923	PSD2_alt1	PSD2_alt1_F	F	20	EXACT	0		0	0	NZ_ACFJ01000001.1	+	802430	802449	1
primary	GCF_000174055.1	2923	PSD2_alt1	PSD2_alt1_R	R	19	EXACT	0		0	0	NZ_ACFJ01000001.1	-	802493	802511	1
primary	GCF_000174055.1	2923	PSD2_alt1	PSD2_alt1_probe	probe	28	EXACT	0		0	0	NZ_ACFJ01000001.1	+	802465	802492	1
primary	GCF_000174055.1	2923	group_306	group_306_F	F	20	EXACT	0		0	0	NZ_ACFJ01000001.1	-	1015407	1015426	1
primary	GCF_000174055.1	2923	group_306	group_306_R	R	20	EXACT	0		0	0	NZ_ACFJ01000001.1	+	1015337	1015356	1
primary	GCF_000174055.1	2923	group_306	group_306_probe	probe	22	EXACT	0		0	0	NZ_ACFJ01000001.1	-	1015359	1015380	1
primary	GCF_000210495.1	Sweden2	mutL	mutL_F	F	20	EXACT	0		0	0	NC_017441.1	-	648857	648876	1
primary	GCF_000210495.1	Sweden2	mutL	mutL_R	R	20	EXACT	0		0	0	NC_017441.1	+	648750	648769	1
primary	GCF_000210495.1	Sweden2	mutL	mutL_probe	probe	22	EXACT	0		0	0	NC_017441.1	-	648808	648829	2
primary	GCF_000210495.1	Sweden2	aroB_primary	aroB_F	F	20	EXACT	0		0	0	NC_017441.1	+	422256	422275	1
primary	GCF_000210495.1	Sweden2	aroB_primary	aroB_R	R	20	EXACT	0		0	0	NC_017441.1	-	422380	422399	1
primary	GCF_000210495.1	Sweden2	aroB_primary	aroB_probe	probe	25	EXACT	0		0	0	NC_017441.1	+	422346	422370	1
primary	GCF_000210495.1	Sweden2	aroB_alt1	aroB_alt1_F	F	19	EXACT	0		0	0	NC_017441.1	+	421905	421923	1
primary	GCF_000210495.1	Sweden2	aroB_alt1	aroB_alt1_R	R	20	EXACT	0		0	0	NC_017441.1	-	421986	422005	1
primary	GCF_000210495.1	Sweden2	aroB_alt1	aroB_alt1_probe	probe	27	EXACT	0		0	0	NC_017441.1	+	421924	421950	1
primary	GCF_000210495.1	Sweden2	aroB_alt2	aroB_alt2_F	F	21	EXACT	0		0	0	NC_017441.1	+	422881	422901	1
primary	GCF_000210495.1	Sweden2	aroB_alt2	aroB_alt2_R	R	20	EXACT	0		0	0	NC_017441.1	-	422943	422962	1
primary	GCF_000210495.1	Sweden2	aroB_alt2	aroB_alt2_probe	probe	25	EXACT	0		0	0	NC_017441.1	+	422913	422937	1
primary	GCF_000210495.1	Sweden2	PSD2_primary	PSD2_F	F	20	EXACT	0		0	0	NC_017441.1	+	803531	803550	1
primary	GCF_000210495.1	Sweden2	PSD2_primary	PSD2_R	R	20	EXACT	0		0	0	NC_017441.1	-	803725	803744	1
primary	GCF_000210495.1	Sweden2	PSD2_primary	PSD2_probe	probe	22	EXACT	0		0	0	NC_017441.1	+	803679	803700	1
primary	GCF_000210495.1	Sweden2	PSD2_alt1	PSD2_alt1_F	F	20	EXACT	0		0	0	NC_017441.1	+	803114	803133	1
primary	GCF_000210495.1	Sweden2	PSD2_alt1	PSD2_alt1_R	R	19	EXACT	0		0	0	NC_017441.1	-	803177	803195	1
primary	GCF_000210495.1	Sweden2	PSD2_alt1	PSD2_alt1_probe	probe	28	EXACT	0		0	0	NC_017441.1	+	803149	803176	1
primary	GCF_000210495.1	Sweden2	group_306	group_306_F	F	20	EXACT	0		0	0	NC_017441.1	-	1016091	1016110	1
primary	GCF_000210495.1	Sweden2	group_306	group_306_R	R	20	EXACT	0		0	0	NC_017441.1	+	1016021	1016040	1
primary	GCF_000210495.1	Sweden2	group_306	group_306_probe	probe	22	EXACT	0		0	0	NC_017441.1	-	1016043	1016064	1
primary	GCF_000220105.1	L2c	mutL	mutL_F	F	20	EXACT	0		0	0	NC_015744.1	-	966060	966079	1
primary	GCF_000220105.1	L2c	mutL	mutL_R	R	20	EXACT	0		0	0	NC_015744.1	+	965953	965972	1
primary	GCF_000220105.1	L2c	mutL	mutL_probe	probe	22	EXACT	0		0	0	NC_015744.1	-	966011	966032	1
primary	GCF_000220105.1	L2c	aroB_primary	aroB_F	F	20	EXACT	0		0	0	NC_015744.1	+	739594	739613	1
primary	GCF_000220105.1	L2c	aroB_primary	aroB_R	R	20	EXACT	0		0	0	NC_015744.1	-	739718	739737	1
primary	GCF_000220105.1	L2c	aroB_primary	aroB_probe	probe	25	EXACT	0		0	0	NC_015744.1	+	739684	739708	1
primary	GCF_000220105.1	L2c	aroB_alt1	aroB_alt1_F	F	19	EXACT	0		0	0	NC_015744.1	+	739243	739261	1
primary	GCF_000220105.1	L2c	aroB_alt1	aroB_alt1_R	R	20	EXACT	0		0	0	NC_015744.1	-	739324	739343	1
primary	GCF_000220105.1	L2c	aroB_alt1	aroB_alt1_probe	probe	27	EXACT	0		0	0	NC_015744.1	+	739262	739288	1
primary	GCF_000220105.1	L2c	aroB_alt2	aroB_alt2_F	F	21	EXACT	0		0	0	NC_015744.1	+	740219	740239	1
primary	GCF_000220105.1	L2c	aroB_alt2	aroB_alt2_R	R	20	EXACT	0		0	0	NC_015744.1	-	740281	740300	1
primary	GCF_000220105.1	L2c	aroB_alt2	aroB_alt2_probe	probe	25	EXACT	0		0	0	NC_015744.1	+	740251	740275	1
primary	GCF_000220105.1	L2c	PSD2_primary	PSD2_F	F	20	EXACT	0		0	0	NC_015744.1	+	82412	82431	1
primary	GCF_000220105.1	L2c	PSD2_primary	PSD2_R	R	20	EXACT	0		0	0	NC_015744.1	-	82606	82625	1
primary	GCF_000220105.1	L2c	PSD2_primary	PSD2_probe	probe	22	EXACT	0		0	0	NC_015744.1	+	82560	82581	1
primary	GCF_000220105.1	L2c	PSD2_alt1	PSD2_alt1_F	F	20	EXACT	0		0	0	NC_015744.1	+	81995	82014	1
primary	GCF_000220105.1	L2c	PSD2_alt1	PSD2_alt1_R	R	19	EXACT	0		0	0	NC_015744.1	-	82058	82076	1
primary	GCF_000220105.1	L2c	PSD2_alt1	PSD2_alt1_probe	probe	28	EXACT	0		0	0	NC_015744.1	+	82030	82057	1
primary	GCF_000220105.1	L2c	group_306	group_306_F	F	20	EXACT	0		0	0	NC_015744.1	-	294862	294881	1
primary	GCF_000220105.1	L2c	group_306	group_306_R	R	20	EXACT	0		0	0	NC_015744.1	+	294792	294811	1
primary	GCF_000220105.1	L2c	group_306	group_306_probe	probe	22	EXACT	0		0	0	NC_015744.1	-	294814	294835	1
primary	GCF_000226605.1	A2497	mutL	mutL_F	F	20	EXACT	0		0	0	NC_017437.1	-	650571	650590	1
primary	GCF_000226605.1	A2497	mutL	mutL_R	R	20	EXACT	0		0	0	NC_017437.1	+	650464	650483	1
primary	GCF_000226605.1	A2497	mutL	mutL_probe	probe	22	EXACT	0		0	0	NC_017437.1	-	650522	650543	1
primary	GCF_000226605.1	A2497	aroB_primary	aroB_F	F	20	EXACT	0		0	0	NC_017437.1	+	423538	423557	1
primary	GCF_000226605.1	A2497	aroB_primary	aroB_R	R	20	EXACT	0		0	0	NC_017437.1	-	423662	423681	1
primary	GCF_000226605.1	A2497	aroB_primary	aroB_probe	probe	25	EXACT	0		0	0	NC_017437.1	+	423628	423652	1
primary	GCF_000226605.1	A2497	aroB_alt1	aroB_alt1_F	F	19	EXACT	0		0	0	NC_017437.1	+	423187	423205	1
primary	GCF_000226605.1	A2497	aroB_alt1	aroB_alt1_R	R	20	EXACT	0		0	0	NC_017437.1	-	423268	423287	1
primary	GCF_000226605.1	A2497	aroB_alt1	aroB_alt1_probe	probe	27	EXACT	0		0	0	NC_017437.1	+	423206	423232	1
primary	GCF_000226605.1	A2497	aroB_alt2	aroB_alt2_F	F	21	EXACT	0		0	0	NC_017437.1	+	424163	424183	1
primary	GCF_000226605.1	A2497	aroB_alt2	aroB_alt2_R	R	20	EXACT	0		0	0	NC_017437.1	-	424225	424244	1
primary	GCF_000226605.1	A2497	aroB_alt2	aroB_alt2_probe	probe	25	EXACT	0		0	0	NC_017437.1	+	424195	424219	1
primary	GCF_000226605.1	A2497	PSD2_primary	PSD2_F	F	20	EXACT	0		0	0	NC_017437.1	+	805245	805264	1
primary	GCF_000226605.1	A2497	PSD2_primary	PSD2_R	R	20	EXACT	0		0	0	NC_017437.1	-	805439	805458	1
primary	GCF_000226605.1	A2497	PSD2_primary	PSD2_probe	probe	22	EXACT	0		0	0	NC_017437.1	+	805393	805414	1
primary	GCF_000226605.1	A2497	PSD2_alt1	PSD2_alt1_F	F	20	EXACT	0		0	0	NC_017437.1	+	804828	804847	1
primary	GCF_000226605.1	A2497	PSD2_alt1	PSD2_alt1_R	R	19	EXACT	0		0	0	NC_017437.1	-	804891	804909	1
primary	GCF_000226605.1	A2497	PSD2_alt1	PSD2_alt1_probe	probe	28	EXACT	0		0	0	NC_017437.1	+	804863	804890	1
primary	GCF_000226605.1	A2497	group_306	group_306_F	F	20	EXACT	0		0	0	NC_017437.1	-	1017637	1017656	1
primary	GCF_000226605.1	A2497	group_306	group_306_R	R	20	EXACT	0		0	0	NC_017437.1	+	1017567	1017586	1
primary	GCF_000226605.1	A2497	group_306	group_306_probe	probe	22	EXACT	0		0	0	NC_017437.1	-	1017589	1017610	1
primary	GCF_000284475.1	A2497	mutL	mutL_F	F	20	EXACT	0		0	0	NC_016798.1	-	650570	650589	1
primary	GCF_000284475.1	A2497	mutL	mutL_R	R	20	EXACT	0		0	0	NC_016798.1	+	650463	650482	1
primary	GCF_000284475.1	A2497	mutL	mutL_probe	probe	22	EXACT	0		0	0	NC_016798.1	-	650521	650542	1
primary	GCF_000284475.1	A2497	aroB_primary	aroB_F	F	20	EXACT	0		0	0	NC_016798.1	+	423535	423554	1
primary	GCF_000284475.1	A2497	aroB_primary	aroB_R	R	20	EXACT	0		0	0	NC_016798.1	-	423659	423678	1
primary	GCF_000284475.1	A2497	aroB_primary	aroB_probe	probe	25	EXACT	0		0	0	NC_016798.1	+	423625	423649	1
primary	GCF_000284475.1	A2497	aroB_alt1	aroB_alt1_F	F	19	EXACT	0		0	0	NC_016798.1	+	423184	423202	1
primary	GCF_000284475.1	A2497	aroB_alt1	aroB_alt1_R	R	20	EXACT	0		0	0	NC_016798.1	-	423265	423284	1
primary	GCF_000284475.1	A2497	aroB_alt1	aroB_alt1_probe	probe	27	EXACT	0		0	0	NC_016798.1	+	423203	423229	1
primary	GCF_000284475.1	A2497	aroB_alt2	aroB_alt2_F	F	21	EXACT	0		0	0	NC_016798.1	+	424160	424180	1
primary	GCF_000284475.1	A2497	aroB_alt2	aroB_alt2_R	R	20	EXACT	0		0	0	NC_016798.1	-	424222	424241	1
primary	GCF_000284475.1	A2497	aroB_alt2	aroB_alt2_probe	probe	25	EXACT	0		0	0	NC_016798.1	+	424192	424216	1
primary	GCF_000284475.1	A2497	PSD2_primary	PSD2_F	F	20	EXACT	0		0	0	NC_016798.1	+	805244	805263	1
primary	GCF_000284475.1	A2497	PSD2_primary	PSD2_R	R	20	EXACT	0		0	0	NC_016798.1	-	805438	805457	1
primary	GCF_000284475.1	A2497	PSD2_primary	PSD2_probe	probe	22	EXACT	0		0	0	NC_016798.1	+	805392	805413	1
primary	GCF_000284475.1	A2497	PSD2_alt1	PSD2_alt1_F	F	20	EXACT	0		0	0	NC_016798.1	+	804827	804846	1
primary	GCF_000284475.1	A2497	PSD2_alt1	PSD2_alt1_R	R	19	EXACT	0		0	0	NC_016798.1	-	804890	804908	1
primary	GCF_000284475.1	A2497	PSD2_alt1	PSD2_alt1_probe	probe	28	EXACT	0		0	0	NC_016798.1	+	804862	804889	1
primary	GCF_000284475.1	A2497	group_306	group_306_F	F	20	EXACT	0		0	0	NC_016798.1	-	1017636	1017655	1
primary	GCF_000284475.1	A2497	group_306	group_306_R	R	20	EXACT	0		0	0	NC_016798.1	+	1017566	1017585	1
primary	GCF_000284475.1	A2497	group_306	group_306_probe	probe	22	EXACT	0		0	0	NC_016798.1	-	1017588	1017609	1
primary	GCF_000304495.1	E/SW3	mutL	mutL_F	F	20	EXACT	0		0	0	NC_017952.1	-	648920	648939	1
primary	GCF_000304495.1	E/SW3	mutL	mutL_R	R	20	EXACT	0		0	0	NC_017952.1	+	648813	648832	1
primary	GCF_000304495.1	E/SW3	mutL	mutL_probe	probe	22	EXACT	0		0	0	NC_017952.1	-	648871	648892	2
primary	GCF_000304495.1	E/SW3	aroB_primary	aroB_F	F	20	EXACT	0		0	0	NC_017952.1	+	422472	422491	1
primary	GCF_000304495.1	E/SW3	aroB_primary	aroB_R	R	20	EXACT	0		0	0	NC_017952.1	-	422596	422615	1
primary	GCF_000304495.1	E/SW3	aroB_primary	aroB_probe	probe	25	EXACT	0		0	0	NC_017952.1	+	422562	422586	1
primary	GCF_000304495.1	E/SW3	aroB_alt1	aroB_alt1_F	F	19	EXACT	0		0	0	NC_017952.1	+	422121	422139	1
primary	GCF_000304495.1	E/SW3	aroB_alt1	aroB_alt1_R	R	20	EXACT	0		0	0	NC_017952.1	-	422202	422221	1
primary	GCF_000304495.1	E/SW3	aroB_alt1	aroB_alt1_probe	probe	27	EXACT	0		0	0	NC_017952.1	+	422140	422166	1
primary	GCF_000304495.1	E/SW3	aroB_alt2	aroB_alt2_F	F	21	EXACT	0		0	0	NC_017952.1	+	423097	423117	1
primary	GCF_000304495.1	E/SW3	aroB_alt2	aroB_alt2_R	R	20	EXACT	0		0	0	NC_017952.1	-	423159	423178	1
primary	GCF_000304495.1	E/SW3	aroB_alt2	aroB_alt2_probe	probe	25	EXACT	0		0	0	NC_017952.1	+	423129	423153	1
primary	GCF_000304495.1	E/SW3	PSD2_primary	PSD2_F	F	20	EXACT	0		0	0	NC_017952.1	+	803594	803613	1
primary	GCF_000304495.1	E/SW3	PSD2_primary	PSD2_R	R	20	EXACT	0		0	0	NC_017952.1	-	803788	803807	1
primary	GCF_000304495.1	E/SW3	PSD2_primary	PSD2_probe	probe	22	EXACT	0		0	0	NC_017952.1	+	803742	803763	1
primary	GCF_000304495.1	E/SW3	PSD2_alt1	PSD2_alt1_F	F	20	EXACT	0		0	0	NC_017952.1	+	803177	803196	1
primary	GCF_000304495.1	E/SW3	PSD2_alt1	PSD2_alt1_R	R	19	EXACT	0		0	0	NC_017952.1	-	803240	803258	1
primary	GCF_000304495.1	E/SW3	PSD2_alt1	PSD2_alt1_probe	probe	28	EXACT	0		0	0	NC_017952.1	+	803212	803239	1
primary	GCF_000304495.1	E/SW3	group_306	group_306_F	F	20	EXACT	0		0	0	NC_017952.1	-	1016155	1016174	1
primary	GCF_000304495.1	E/SW3	group_306	group_306_R	R	20	EXACT	0		0	0	NC_017952.1	+	1016085	1016104	1
primary	GCF_000304495.1	E/SW3	group_306	group_306_probe	probe	22	EXACT	0		0	0	NC_017952.1	-	1016107	1016128	1
primary	GCF_000304515.1	F/SW4	mutL	mutL_F	F	20	EXACT	0		0	0	NC_017951.1	-	648777	648796	1
primary	GCF_000304515.1	F/SW4	mutL	mutL_R	R	20	EXACT	0		0	0	NC_017951.1	+	648670	648689	1
primary	GCF_000304515.1	F/SW4	mutL	mutL_probe	probe	22	EXACT	0		0	0	NC_017951.1	-	648728	648749	2
primary	GCF_000304515.1	F/SW4	aroB_primary	aroB_F	F	20	EXACT	0		0	0	NC_017951.1	+	422029	422048	1
primary	GCF_000304515.1	F/SW4	aroB_primary	aroB_R	R	20	EXACT	0		0	0	NC_017951.1	-	422153	422172	1
primary	GCF_000304515.1	F/SW4	aroB_primary	aroB_probe	probe	25	EXACT	0		0	0	NC_017951.1	+	422119	422143	1
primary	GCF_000304515.1	F/SW4	aroB_alt1	aroB_alt1_F	F	19	EXACT	0		0	0	NC_017951.1	+	421678	421696	1
primary	GCF_000304515.1	F/SW4	aroB_alt1	aroB_alt1_R	R	20	EXACT	0		0	0	NC_017951.1	-	421759	421778	1
primary	GCF_000304515.1	F/SW4	aroB_alt1	aroB_alt1_probe	probe	27	EXACT	0		0	0	NC_017951.1	+	421697	421723	1
primary	GCF_000304515.1	F/SW4	aroB_alt2	aroB_alt2_F	F	21	EXACT	0		0	0	NC_017951.1	+	422654	422674	1
primary	GCF_000304515.1	F/SW4	aroB_alt2	aroB_alt2_R	R	20	EXACT	0		0	0	NC_017951.1	-	422716	422735	1
primary	GCF_000304515.1	F/SW4	aroB_alt2	aroB_alt2_probe	probe	25	EXACT	0		0	0	NC_017951.1	+	422686	422710	1
primary	GCF_000304515.1	F/SW4	PSD2_primary	PSD2_F	F	20	EXACT	0		0	0	NC_017951.1	+	803438	803457	1
primary	GCF_000304515.1	F/SW4	PSD2_primary	PSD2_R	R	20	EXACT	0		0	0	NC_017951.1	-	803632	803651	1
primary	GCF_000304515.1	F/SW4	PSD2_primary	PSD2_probe	probe	22	EXACT	0		0	0	NC_017951.1	+	803586	803607	1
primary	GCF_000304515.1	F/SW4	PSD2_alt1	PSD2_alt1_F	F	20	EXACT	0		0	0	NC_017951.1	+	803021	803040	1
primary	GCF_000304515.1	F/SW4	PSD2_alt1	PSD2_alt1_R	R	19	EXACT	0		0	0	NC_017951.1	-	803084	803102	1
primary	GCF_000304515.1	F/SW4	PSD2_alt1	PSD2_alt1_probe	probe	28	EXACT	0		0	0	NC_017951.1	+	803056	803083	1
primary	GCF_000304515.1	F/SW4	group_306	group_306_F	F	20	EXACT	0		0	0	NC_017951.1	-	1016004	1016023	1
primary	GCF_000304515.1	F/SW4	group_306	group_306_R	R	20	EXACT	0		0	0	NC_017951.1	+	1015934	1015953	1
primary	GCF_000304515.1	F/SW4	group_306	group_306_probe	probe	22	EXACT	0		0	0	NC_017951.1	-	1015956	1015977	1
primary	GCF_000304535.1	F/SW5	mutL	mutL_F	F	20	EXACT	0		0	0	NC_017953.1	-	648778	648797	1
primary	GCF_000304535.1	F/SW5	mutL	mutL_R	R	20	EXACT	0		0	0	NC_017953.1	+	648671	648690	1
primary	GCF_000304535.1	F/SW5	mutL	mutL_probe	probe	22	EXACT	0		0	0	NC_017953.1	-	648729	648750	2
primary	GCF_000304535.1	F/SW5	aroB_primary	aroB_F	F	20	EXACT	0		0	0	NC_017953.1	+	422035	422054	1
primary	GCF_000304535.1	F/SW5	aroB_primary	aroB_R	R	20	EXACT	0		0	0	NC_017953.1	-	422159	422178	1
primary	GCF_000304535.1	F/SW5	aroB_primary	aroB_probe	probe	25	EXACT	0		0	0	NC_017953.1	+	422125	422149	1
primary	GCF_000304535.1	F/SW5	aroB_alt1	aroB_alt1_F	F	19	EXACT	0		0	0	NC_017953.1	+	421684	421702	1
primary	GCF_000304535.1	F/SW5	aroB_alt1	aroB_alt1_R	R	20	EXACT	0		0	0	NC_017953.1	-	421765	421784	1
primary	GCF_000304535.1	F/SW5	aroB_alt1	aroB_alt1_probe	probe	27	EXACT	0		0	0	NC_017953.1	+	421703	421729	1
primary	GCF_000304535.1	F/SW5	aroB_alt2	aroB_alt2_F	F	21	EXACT	0		0	0	NC_017953.1	+	422660	422680	1
primary	GCF_000304535.1	F/SW5	aroB_alt2	aroB_alt2_R	R	20	EXACT	0		0	0	NC_017953.1	-	422722	422741	1
primary	GCF_000304535.1	F/SW5	aroB_alt2	aroB_alt2_probe	probe	25	EXACT	0		0	0	NC_017953.1	+	422692	422716	1
primary	GCF_000304535.1	F/SW5	PSD2_primary	PSD2_F	F	20	EXACT	0		0	0	NC_017953.1	+	803436	803455	1
primary	GCF_000304535.1	F/SW5	PSD2_primary	PSD2_R	R	20	EXACT	0		0	0	NC_017953.1	-	803630	803649	1
primary	GCF_000304535.1	F/SW5	PSD2_primary	PSD2_probe	probe	22	EXACT	0		0	0	NC_017953.1	+	803584	803605	1
primary	GCF_000304535.1	F/SW5	PSD2_alt1	PSD2_alt1_F	F	20	EXACT	0		0	0	NC_017953.1	+	803019	803038	1
primary	GCF_000304535.1	F/SW5	PSD2_alt1	PSD2_alt1_R	R	19	EXACT	0		0	0	NC_017953.1	-	803082	803100	1
primary	GCF_000304535.1	F/SW5	PSD2_alt1	PSD2_alt1_probe	probe	28	EXACT	0		0	0	NC_017953.1	+	803054	803081	1
primary	GCF_000304535.1	F/SW5	group_306	group_306_F	F	20	EXACT	0		0	0	NC_017953.1	-	1015994	1016013	1
primary	GCF_000304535.1	F/SW5	group_306	group_306_R	R	20	EXACT	0		0	0	NC_017953.1	+	1015924	1015943	1
primary	GCF_000304535.1	F/SW5	group_306	group_306_probe	probe	22	EXACT	0		0	0	NC_017953.1	-	1015946	1015967	1
primary	GCF_000318525.1	A/363	mutL	mutL_F	F	20	EXACT	0		0	0	NC_020966.1	-	650271	650290	1
primary	GCF_000318525.1	A/363	mutL	mutL_R	R	20	EXACT	0		0	0	NC_020966.1	+	650164	650183	1
primary	GCF_000318525.1	A/363	mutL	mutL_probe	probe	22	EXACT	0		0	0	NC_020966.1	-	650222	650243	1
primary	GCF_000318525.1	A/363	aroB_primary	aroB_F	F	20	EXACT	0		0	0	NC_020966.1	+	423536	423555	1
primary	GCF_000318525.1	A/363	aroB_primary	aroB_R	R	20	EXACT	0		0	0	NC_020966.1	-	423660	423679	1
primary	GCF_000318525.1	A/363	aroB_primary	aroB_probe	probe	25	EXACT	0		0	0	NC_020966.1	+	423626	423650	1
primary	GCF_000318525.1	A/363	aroB_alt1	aroB_alt1_F	F	19	EXACT	0		0	0	NC_020966.1	+	423185	423203	1
primary	GCF_000318525.1	A/363	aroB_alt1	aroB_alt1_R	R	20	EXACT	0		0	0	NC_020966.1	-	423266	423285	1
primary	GCF_000318525.1	A/363	aroB_alt1	aroB_alt1_probe	probe	27	EXACT	0		0	0	NC_020966.1	+	423204	423230	1
primary	GCF_000318525.1	A/363	aroB_alt2	aroB_alt2_F	F	21	EXACT	0		0	0	NC_020966.1	+	424161	424181	1
primary	GCF_000318525.1	A/363	aroB_alt2	aroB_alt2_R	R	20	EXACT	0		0	0	NC_020966.1	-	424223	424242	1
primary	GCF_000318525.1	A/363	aroB_alt2	aroB_alt2_probe	probe	25	EXACT	0		0	0	NC_020966.1	+	424193	424217	1
primary	GCF_000318525.1	A/363	PSD2_primary	PSD2_F	F	20	EXACT	0		0	0	NC_020966.1	+	804945	804964	1
primary	GCF_000318525.1	A/363	PSD2_primary	PSD2_R	R	20	EXACT	0		0	0	NC_020966.1	-	805139	805158	1
primary	GCF_000318525.1	A/363	PSD2_primary	PSD2_probe	probe	22	EXACT	0		0	0	NC_020966.1	+	805093	805114	1
primary	GCF_000318525.1	A/363	PSD2_alt1	PSD2_alt1_F	F	20	EXACT	0		0	0	NC_020966.1	+	804528	804547	1
primary	GCF_000318525.1	A/363	PSD2_alt1	PSD2_alt1_R	R	19	EXACT	0		0	0	NC_020966.1	-	804591	804609	1
primary	GCF_000318525.1	A/363	PSD2_alt1	PSD2_alt1_probe	probe	28	EXACT	0		0	0	NC_020966.1	+	804563	804590	1
primary	GCF_000318525.1	A/363	group_306	group_306_F	F	20	EXACT	0		0	0	NC_020966.1	-	1017337	1017356	1
primary	GCF_000318525.1	A/363	group_306	group_306_R	R	20	EXACT	0		0	0	NC_020966.1	+	1017267	1017286	1
primary	GCF_000318525.1	A/363	group_306	group_306_probe	probe	22	EXACT	0		0	0	NC_020966.1	-	1017289	1017310	1
primary	GCF_000318565.1	A/7249	mutL	mutL_F	F	20	EXACT	0		0	0	NC_020944.1	-	650573	650592	1
primary	GCF_000318565.1	A/7249	mutL	mutL_R	R	20	EXACT	0		0	0	NC_020944.1	+	650466	650485	1
primary	GCF_000318565.1	A/7249	mutL	mutL_probe	probe	22	EXACT	0		0	0	NC_020944.1	-	650524	650545	1
primary	GCF_000318565.1	A/7249	aroB_primary	aroB_F	F	20	EXACT	0		0	0	NC_020944.1	+	423538	423557	1
primary	GCF_000318565.1	A/7249	aroB_primary	aroB_R	R	20	EXACT	0		0	0	NC_020944.1	-	423662	423681	1
primary	GCF_000318565.1	A/7249	aroB_primary	aroB_probe	probe	25	EXACT	0		0	0	NC_020944.1	+	423628	423652	1
primary	GCF_000318565.1	A/7249	aroB_alt1	aroB_alt1_F	F	19	EXACT	0		0	0	NC_020944.1	+	423187	423205	1
primary	GCF_000318565.1	A/7249	aroB_alt1	aroB_alt1_R	R	20	EXACT	0		0	0	NC_020944.1	-	423268	423287	1
primary	GCF_000318565.1	A/7249	aroB_alt1	aroB_alt1_probe	probe	27	EXACT	0		0	0	NC_020944.1	+	423206	423232	1
primary	GCF_000318565.1	A/7249	aroB_alt2	aroB_alt2_F	F	21	EXACT	0		0	0	NC_020944.1	+	424163	424183	1
primary	GCF_000318565.1	A/7249	aroB_alt2	aroB_alt2_R	R	20	EXACT	0		0	0	NC_020944.1	-	424225	424244	1
primary	GCF_000318565.1	A/7249	aroB_alt2	aroB_alt2_probe	probe	25	EXACT	0		0	0	NC_020944.1	+	424195	424219	1
primary	GCF_000318565.1	A/7249	PSD2_primary	PSD2_F	F	20	EXACT	0		0	0	NC_020944.1	+	805244	805263	1
primary	GCF_000318565.1	A/7249	PSD2_primary	PSD2_R	R	20	EXACT	0		0	0	NC_020944.1	-	805438	805457	1
primary	GCF_000318565.1	A/7249	PSD2_primary	PSD2_probe	probe	22	EXACT	0		0	0	NC_020944.1	+	805392	805413	1
primary	GCF_000318565.1	A/7249	PSD2_alt1	PSD2_alt1_F	F	20	EXACT	0		0	0	NC_020944.1	+	804827	804846	1
primary	GCF_000318565.1	A/7249	PSD2_alt1	PSD2_alt1_R	R	19	EXACT	0		0	0	NC_020944.1	-	804890	804908	1
primary	GCF_000318565.1	A/7249	PSD2_alt1	PSD2_alt1_probe	probe	28	EXACT	0		0	0	NC_020944.1	+	804862	804889	1
primary	GCF_000318565.1	A/7249	group_306	group_306_F	F	20	EXACT	0		0	0	NC_020944.1	-	1017661	1017680	1
primary	GCF_000318565.1	A/7249	group_306	group_306_R	R	20	EXACT	0		0	0	NC_020944.1	+	1017591	1017610	1
primary	GCF_000318565.1	A/7249	group_306	group_306_probe	probe	22	EXACT	0		0	0	NC_020944.1	-	1017613	1017634	1
primary	GCF_000318645.1	E/Bour	mutL	mutL_F	F	20	EXACT	0		0	0	NC_020971.1	-	648693	648712	1
primary	GCF_000318645.1	E/Bour	mutL	mutL_R	R	20	EXACT	0		0	0	NC_020971.1	+	648586	648605	1
primary	GCF_000318645.1	E/Bour	mutL	mutL_probe	probe	22	EXACT	0		0	0	NC_020971.1	-	648644	648665	1
primary	GCF_000318645.1	E/Bour	aroB_primary	aroB_F	F	20	EXACT	0		0	0	NC_020971.1	+	422091	422110	1
primary	GCF_000318645.1	E/Bour	aroB_primary	aroB_R	R	20	EXACT	0		0	0	NC_020971.1	-	422215	422234	1
primary	GCF_000318645.1	E/Bour	aroB_primary	aroB_probe	probe	25	EXACT	0		0	0	NC_020971.1	+	422181	422205	1
primary	GCF_000318645.1	E/Bour	aroB_alt1	aroB_alt1_F	F	19	EXACT	0		0	0	NC_020971.1	+	421740	421758	1
primary	GCF_000318645.1	E/Bour	aroB_alt1	aroB_alt1_R	R	20	EXACT	0		0	0	NC_020971.1	-	421821	421840	1
primary	GCF_000318645.1	E/Bour	aroB_alt1	aroB_alt1_probe	probe	27	EXACT	0		0	0	NC_020971.1	+	421759	421785	1
primary	GCF_000318645.1	E/Bour	aroB_alt2	aroB_alt2_F	F	21	EXACT	0		0	0	NC_020971.1	+	422716	422736	1
primary	GCF_000318645.1	E/Bour	aroB_alt2	aroB_alt2_R	R	20	EXACT	0		0	0	NC_020971.1	-	422778	422797	1
primary	GCF_000318645.1	E/Bour	aroB_alt2	aroB_alt2_probe	probe	25	EXACT	0		0	0	NC_020971.1	+	422748	422772	1
primary	GCF_000318645.1	E/Bour	PSD2_primary	PSD2_F	F	20	EXACT	0		0	0	NC_020971.1	+	803370	803389	1
primary	GCF_000318645.1	E/Bour	PSD2_primary	PSD2_R	R	20	EXACT	0		0	0	NC_020971.1	-	803564	803583	1
primary	GCF_000318645.1	E/Bour	PSD2_primary	PSD2_probe	probe	22	EXACT	0		0	0	NC_020971.1	+	803518	803539	1
primary	GCF_000318645.1	E/Bour	PSD2_alt1	PSD2_alt1_F	F	20	EXACT	0		0	0	NC_020971.1	+	802953	802972	1
primary	GCF_000318645.1	E/Bour	PSD2_alt1	PSD2_alt1_R	R	19	EXACT	0		0	0	NC_020971.1	-	803016	803034	1
primary	GCF_000318645.1	E/Bour	PSD2_alt1	PSD2_alt1_probe	probe	28	EXACT	0		0	0	NC_020971.1	+	802988	803015	1
primary	GCF_000318645.1	E/Bour	group_306	group_306_F	F	20	EXACT	0		0	0	NC_020971.1	-	1015840	1015859	1
primary	GCF_000318645.1	E/Bour	group_306	group_306_R	R	20	EXACT	0		0	0	NC_020971.1	+	1015770	1015789	1
primary	GCF_000318645.1	E/Bour	group_306	group_306_probe	probe	22	EXACT	0		0	0	NC_020971.1	-	1015792	1015813	1
primary	GCF_000318765.1	Ia/SotonIa1	mutL	mutL_F	F	20	EXACT	0		0	0	NC_020970.1	-	648679	648698	1
primary	GCF_000318765.1	Ia/SotonIa1	mutL	mutL_R	R	20	EXACT	0		0	0	NC_020970.1	+	648572	648591	1
primary	GCF_000318765.1	Ia/SotonIa1	mutL	mutL_probe	probe	22	EXACT	0		0	0	NC_020970.1	-	648630	648651	1
primary	GCF_000318765.1	Ia/SotonIa1	aroB_primary	aroB_F	F	20	EXACT	0		0	0	NC_020970.1	+	422341	422360	1
primary	GCF_000318765.1	Ia/SotonIa1	aroB_primary	aroB_R	R	20	EXACT	0		0	0	NC_020970.1	-	422465	422484	1
primary	GCF_000318765.1	Ia/SotonIa1	aroB_primary	aroB_probe	probe	25	EXACT	0		0	0	NC_020970.1	+	422431	422455	1
primary	GCF_000318765.1	Ia/SotonIa1	aroB_alt1	aroB_alt1_F	F	19	EXACT	0		0	0	NC_020970.1	+	421990	422008	1
primary	GCF_000318765.1	Ia/SotonIa1	aroB_alt1	aroB_alt1_R	R	20	EXACT	0		0	0	NC_020970.1	-	422071	422090	1
primary	GCF_000318765.1	Ia/SotonIa1	aroB_alt1	aroB_alt1_probe	probe	27	EXACT	0		0	0	NC_020970.1	+	422009	422035	1
primary	GCF_000318765.1	Ia/SotonIa1	aroB_alt2	aroB_alt2_F	F	21	EXACT	0		0	0	NC_020970.1	+	422966	422986	1
primary	GCF_000318765.1	Ia/SotonIa1	aroB_alt2	aroB_alt2_R	R	20	EXACT	0		0	0	NC_020970.1	-	423028	423047	1
primary	GCF_000318765.1	Ia/SotonIa1	aroB_alt2	aroB_alt2_probe	probe	25	EXACT	0		0	0	NC_020970.1	+	422998	423022	1
primary	GCF_000318765.1	Ia/SotonIa1	PSD2_primary	PSD2_F	F	20	EXACT	0		0	0	NC_020970.1	+	803363	803382	1
primary	GCF_000318765.1	Ia/SotonIa1	PSD2_primary	PSD2_R	R	20	EXACT	0		0	0	NC_020970.1	-	803557	803576	1
primary	GCF_000318765.1	Ia/SotonIa1	PSD2_primary	PSD2_probe	probe	22	EXACT	0		0	0	NC_020970.1	+	803511	803532	1
primary	GCF_000318765.1	Ia/SotonIa1	PSD2_alt1	PSD2_alt1_F	F	20	EXACT	0		0	0	NC_020970.1	+	802946	802965	1
primary	GCF_000318765.1	Ia/SotonIa1	PSD2_alt1	PSD2_alt1_R	R	19	EXACT	0		0	0	NC_020970.1	-	803009	803027	1
primary	GCF_000318765.1	Ia/SotonIa1	PSD2_alt1	PSD2_alt1_probe	probe	28	EXACT	0		0	0	NC_020970.1	+	802981	803008	1
primary	GCF_000318765.1	Ia/SotonIa1	group_306	group_306_F	F	20	EXACT	0		0	0	NC_020970.1	-	1015876	1015895	1
primary	GCF_000318765.1	Ia/SotonIa1	group_306	group_306_R	R	20	EXACT	0		0	0	NC_020970.1	+	1015806	1015825	1
primary	GCF_000318765.1	Ia/SotonIa1	group_306	group_306_probe	probe	22	EXACT	0		0	0	NC_020970.1	-	1015828	1015849	1
primary	GCF_000318785.1	Ia/SotonIa3	mutL	mutL_F	F	20	EXACT	0		0	0	NC_020940.1	-	648832	648851	1
primary	GCF_000318785.1	Ia/SotonIa3	mutL	mutL_R	R	20	EXACT	0		0	0	NC_020940.1	+	648725	648744	1
primary	GCF_000318785.1	Ia/SotonIa3	mutL	mutL_probe	probe	22	EXACT	0		0	0	NC_020940.1	-	648783	648804	1
primary	GCF_000318785.1	Ia/SotonIa3	aroB_primary	aroB_F	F	20	EXACT	0		0	0	NC_020940.1	+	422341	422360	1
primary	GCF_000318785.1	Ia/SotonIa3	aroB_primary	aroB_R	R	20	EXACT	0		0	0	NC_020940.1	-	422465	422484	1
primary	GCF_000318785.1	Ia/SotonIa3	aroB_primary	aroB_probe	probe	25	EXACT	0		0	0	NC_020940.1	+	422431	422455	1
primary	GCF_000318785.1	Ia/SotonIa3	aroB_alt1	aroB_alt1_F	F	19	EXACT	0		0	0	NC_020940.1	+	421990	422008	1
primary	GCF_000318785.1	Ia/SotonIa3	aroB_alt1	aroB_alt1_R	R	20	EXACT	0		0	0	NC_020940.1	-	422071	422090	1
primary	GCF_000318785.1	Ia/SotonIa3	aroB_alt1	aroB_alt1_probe	probe	27	EXACT	0		0	0	NC_020940.1	+	422009	422035	1
primary	GCF_000318785.1	Ia/SotonIa3	aroB_alt2	aroB_alt2_F	F	21	EXACT	0		0	0	NC_020940.1	+	422966	422986	1
primary	GCF_000318785.1	Ia/SotonIa3	aroB_alt2	aroB_alt2_R	R	20	EXACT	0		0	0	NC_020940.1	-	423028	423047	1
primary	GCF_000318785.1	Ia/SotonIa3	aroB_alt2	aroB_alt2_probe	probe	25	EXACT	0		0	0	NC_020940.1	+	422998	423022	1
primary	GCF_000318785.1	Ia/SotonIa3	PSD2_primary	PSD2_F	F	20	EXACT	0		0	0	NC_020940.1	+	803516	803535	1
primary	GCF_000318785.1	Ia/SotonIa3	PSD2_primary	PSD2_R	R	20	EXACT	0		0	0	NC_020940.1	-	803710	803729	1
primary	GCF_000318785.1	Ia/SotonIa3	PSD2_primary	PSD2_probe	probe	22	EXACT	0		0	0	NC_020940.1	+	803664	803685	1
primary	GCF_000318785.1	Ia/SotonIa3	PSD2_alt1	PSD2_alt1_F	F	20	EXACT	0		0	0	NC_020940.1	+	803099	803118	1
primary	GCF_000318785.1	Ia/SotonIa3	PSD2_alt1	PSD2_alt1_R	R	19	EXACT	0		0	0	NC_020940.1	-	803162	803180	1
primary	GCF_000318785.1	Ia/SotonIa3	PSD2_alt1	PSD2_alt1_probe	probe	28	EXACT	0		0	0	NC_020940.1	+	803134	803161	1
primary	GCF_000318785.1	Ia/SotonIa3	group_306	group_306_F	F	20	EXACT	0		0	0	NC_020940.1	-	1016029	1016048	1
primary	GCF_000318785.1	Ia/SotonIa3	group_306	group_306_R	R	20	EXACT	0		0	0	NC_020940.1	+	1015959	1015978	1
primary	GCF_000318785.1	Ia/SotonIa3	group_306	group_306_probe	probe	22	EXACT	0		0	0	NC_020940.1	-	1015981	1016002	1
primary	GCF_000318825.1	L1/440/LN	mutL	mutL_F	F	20	EXACT	0		0	0	NC_020937.1	-	645347	645366	1
primary	GCF_000318825.1	L1/440/LN	mutL	mutL_R	R	20	EXACT	0		0	0	NC_020937.1	+	645240	645259	1
primary	GCF_000318825.1	L1/440/LN	mutL	mutL_probe	probe	22	EXACT	0		0	0	NC_020937.1	-	645298	645319	1
primary	GCF_000318825.1	L1/440/LN	aroB_primary	aroB_F	F	20	EXACT	0		0	0	NC_020937.1	+	418203	418222	1
primary	GCF_000318825.1	L1/440/LN	aroB_primary	aroB_R	R	20	EXACT	0		0	0	NC_020937.1	-	418327	418346	1
primary	GCF_000318825.1	L1/440/LN	aroB_primary	aroB_probe	probe	25	EXACT	0		0	0	NC_020937.1	+	418293	418317	1
primary	GCF_000318825.1	L1/440/LN	aroB_alt1	aroB_alt1_F	F	19	EXACT	0		0	0	NC_020937.1	+	417852	417870	1
primary	GCF_000318825.1	L1/440/LN	aroB_alt1	aroB_alt1_R	R	20	EXACT	0		0	0	NC_020937.1	-	417933	417952	1
primary	GCF_000318825.1	L1/440/LN	aroB_alt1	aroB_alt1_probe	probe	27	EXACT	0		0	0	NC_020937.1	+	417871	417897	1
primary	GCF_000318825.1	L1/440/LN	aroB_alt2	aroB_alt2_F	F	21	EXACT	0		0	0	NC_020937.1	+	418828	418848	1
primary	GCF_000318825.1	L1/440/LN	aroB_alt2	aroB_alt2_R	R	20	EXACT	0		0	0	NC_020937.1	-	418890	418909	1
primary	GCF_000318825.1	L1/440/LN	aroB_alt2	aroB_alt2_probe	probe	25	EXACT	0		0	0	NC_020937.1	+	418860	418884	1
primary	GCF_000318825.1	L1/440/LN	PSD2_primary	PSD2_F	F	20	EXACT	0		0	0	NC_020937.1	+	800015	800034	1
primary	GCF_000318825.1	L1/440/LN	PSD2_primary	PSD2_R	R	20	EXACT	0		0	0	NC_020937.1	-	800209	800228	1
primary	GCF_000318825.1	L1/440/LN	PSD2_primary	PSD2_probe	probe	22	EXACT	0		0	0	NC_020937.1	+	800163	800184	1
primary	GCF_000318825.1	L1/440/LN	PSD2_alt1	PSD2_alt1_F	F	20	EXACT	0		0	0	NC_020937.1	+	799598	799617	1
primary	GCF_000318825.1	L1/440/LN	PSD2_alt1	PSD2_alt1_R	R	19	EXACT	0		0	0	NC_020937.1	-	799661	799679	1
primary	GCF_000318825.1	L1/440/LN	PSD2_alt1	PSD2_alt1_probe	probe	28	EXACT	0		0	0	NC_020937.1	+	799633	799660	1
primary	GCF_000318825.1	L1/440/LN	group_306	group_306_F	F	20	EXACT	0		0	0	NC_020937.1	-	1012539	1012558	1
primary	GCF_000318825.1	L1/440/LN	group_306	group_306_R	R	20	EXACT	0		0	0	NC_020937.1	+	1012469	1012488	1
primary	GCF_000318825.1	L1/440/LN	group_306	group_306_probe	probe	22	EXACT	0		0	0	NC_020937.1	-	1012491	1012512	1
primary	GCF_000318845.1	L1/115	mutL	mutL_F	F	20	EXACT	0		0	0	NC_020929.1	-	645183	645202	1
primary	GCF_000318845.1	L1/115	mutL	mutL_R	R	20	EXACT	0		0	0	NC_020929.1	+	645076	645095	1
primary	GCF_000318845.1	L1/115	mutL	mutL_probe	probe	22	EXACT	0		0	0	NC_020929.1	-	645134	645155	1
primary	GCF_000318845.1	L1/115	aroB_primary	aroB_F	F	20	EXACT	0		0	0	NC_020929.1	+	418194	418213	1
primary	GCF_000318845.1	L1/115	aroB_primary	aroB_R	R	20	EXACT	0		0	0	NC_020929.1	-	418318	418337	1
primary	GCF_000318845.1	L1/115	aroB_primary	aroB_probe	probe	25	EXACT	0		0	0	NC_020929.1	+	418284	418308	1
primary	GCF_000318845.1	L1/115	aroB_alt1	aroB_alt1_F	F	19	EXACT	0		0	0	NC_020929.1	+	417843	417861	1
primary	GCF_000318845.1	L1/115	aroB_alt1	aroB_alt1_R	R	20	EXACT	0		0	0	NC_020929.1	-	417924	417943	1
primary	GCF_000318845.1	L1/115	aroB_alt1	aroB_alt1_probe	probe	27	EXACT	0		0	0	NC_020929.1	+	417862	417888	1
primary	GCF_000318845.1	L1/115	aroB_alt2	aroB_alt2_F	F	21	EXACT	0		0	0	NC_020929.1	+	418819	418839	1
primary	GCF_000318845.1	L1/115	aroB_alt2	aroB_alt2_R	R	20	EXACT	0		0	0	NC_020929.1	-	418881	418900	1
primary	GCF_000318845.1	L1/115	aroB_alt2	aroB_alt2_probe	probe	25	EXACT	0		0	0	NC_020929.1	+	418851	418875	1
primary	GCF_000318845.1	L1/115	PSD2_primary	PSD2_F	F	20	EXACT	0		0	0	NC_020929.1	+	799850	799869	1
primary	GCF_000318845.1	L1/115	PSD2_primary	PSD2_R	R	20	EXACT	0		0	0	NC_020929.1	-	800044	800063	1
primary	GCF_000318845.1	L1/115	PSD2_primary	PSD2_probe	probe	22	EXACT	0		0	0	NC_020929.1	+	799998	800019	1
primary	GCF_000318845.1	L1/115	PSD2_alt1	PSD2_alt1_F	F	20	EXACT	0		0	0	NC_020929.1	+	799433	799452	1
primary	GCF_000318845.1	L1/115	PSD2_alt1	PSD2_alt1_R	R	19	EXACT	0		0	0	NC_020929.1	-	799496	799514	1
primary	GCF_000318845.1	L1/115	PSD2_alt1	PSD2_alt1_probe	probe	28	EXACT	0		0	0	NC_020929.1	+	799468	799495	1
primary	GCF_000318845.1	L1/115	group_306	group_306_F	F	20	EXACT	0		0	0	NC_020929.1	-	1012373	1012392	1
primary	GCF_000318845.1	L1/115	group_306	group_306_R	R	20	EXACT	0		0	0	NC_020929.1	+	1012303	1012322	1
primary	GCF_000318845.1	L1/115	group_306	group_306_probe	probe	22	EXACT	0		0	0	NC_020929.1	-	1012325	1012346	1
primary	GCF_000318865.1	L1/224	mutL	mutL_F	F	20	EXACT	0		0	0	NC_020973.1	-	644916	644935	1
primary	GCF_000318865.1	L1/224	mutL	mutL_R	R	20	EXACT	0		0	0	NC_020973.1	+	644809	644828	1
primary	GCF_000318865.1	L1/224	mutL	mutL_probe	probe	22	EXACT	0		0	0	NC_020973.1	-	644867	644888	1
primary	GCF_000318865.1	L1/224	aroB_primary	aroB_F	F	20	EXACT	0		0	0	NC_020973.1	+	418042	418061	1
primary	GCF_000318865.1	L1/224	aroB_primary	aroB_R	R	20	EXACT	0		0	0	NC_020973.1	-	418166	418185	1
primary	GCF_000318865.1	L1/224	aroB_primary	aroB_probe	probe	25	EXACT	0		0	0	NC_020973.1	+	418132	418156	1
primary	GCF_000318865.1	L1/224	aroB_alt1	aroB_alt1_F	F	19	EXACT	0		0	0	NC_020973.1	+	417691	417709	1
primary	GCF_000318865.1	L1/224	aroB_alt1	aroB_alt1_R	R	20	EXACT	0		0	0	NC_020973.1	-	417772	417791	1
primary	GCF_000318865.1	L1/224	aroB_alt1	aroB_alt1_probe	probe	27	EXACT	0		0	0	NC_020973.1	+	417710	417736	1
primary	GCF_000318865.1	L1/224	aroB_alt2	aroB_alt2_F	F	21	EXACT	0		0	0	NC_020973.1	+	418667	418687	1
primary	GCF_000318865.1	L1/224	aroB_alt2	aroB_alt2_R	R	20	EXACT	0		0	0	NC_020973.1	-	418729	418748	1
primary	GCF_000318865.1	L1/224	aroB_alt2	aroB_alt2_probe	probe	25	EXACT	0		0	0	NC_020973.1	+	418699	418723	1
primary	GCF_000318865.1	L1/224	PSD2_primary	PSD2_F	F	20	EXACT	0		0	0	NC_020973.1	+	799584	799603	1
primary	GCF_000318865.1	L1/224	PSD2_primary	PSD2_R	R	20	EXACT	0		0	0	NC_020973.1	-	799778	799797	1
primary	GCF_000318865.1	L1/224	PSD2_primary	PSD2_probe	probe	22	EXACT	0		0	0	NC_020973.1	+	799732	799753	1
primary	GCF_000318865.1	L1/224	PSD2_alt1	PSD2_alt1_F	F	20	EXACT	0		0	0	NC_020973.1	+	799167	799186	1
primary	GCF_000318865.1	L1/224	PSD2_alt1	PSD2_alt1_R	R	19	EXACT	0		0	0	NC_020973.1	-	799230	799248	1
primary	GCF_000318865.1	L1/224	PSD2_alt1	PSD2_alt1_probe	probe	28	EXACT	0		0	0	NC_020973.1	+	799202	799229	1
primary	GCF_000318865.1	L1/224	group_306	group_306_F	F	20	EXACT	0		0	0	NC_020973.1	-	1012108	1012127	1
primary	GCF_000318865.1	L1/224	group_306	group_306_R	R	20	EXACT	0		0	0	NC_020973.1	+	1012038	1012057	1
primary	GCF_000318865.1	L1/224	group_306	group_306_probe	probe	22	EXACT	0		0	0	NC_020973.1	-	1012060	1012081	1
primary	GCF_000318885.1	L2/25667R	mutL	mutL_F	F	20	EXACT	0		0	0	NC_020930.1	-	644940	644959	1
primary	GCF_000318885.1	L2/25667R	mutL	mutL_R	R	20	EXACT	0		0	0	NC_020930.1	+	644833	644852	1
primary	GCF_000318885.1	L2/25667R	mutL	mutL_probe	probe	22	EXACT	0		0	0	NC_020930.1	-	644891	644912	1
primary	GCF_000318885.1	L2/25667R	aroB_primary	aroB_F	F	20	EXACT	0		0	0	NC_020930.1	+	418237	418256	1
primary	GCF_000318885.1	L2/25667R	aroB_primary	aroB_R	R	20	EXACT	0		0	0	NC_020930.1	-	418361	418380	1
primary	GCF_000318885.1	L2/25667R	aroB_primary	aroB_probe	probe	25	EXACT	0		0	0	NC_020930.1	+	418327	418351	1
primary	GCF_000318885.1	L2/25667R	aroB_alt1	aroB_alt1_F	F	19	EXACT	0		0	0	NC_020930.1	+	417886	417904	1
primary	GCF_000318885.1	L2/25667R	aroB_alt1	aroB_alt1_R	R	20	EXACT	0		0	0	NC_020930.1	-	417967	417986	1
primary	GCF_000318885.1	L2/25667R	aroB_alt1	aroB_alt1_probe	probe	27	EXACT	0		0	0	NC_020930.1	+	417905	417931	1
primary	GCF_000318885.1	L2/25667R	aroB_alt2	aroB_alt2_F	F	21	EXACT	0		0	0	NC_020930.1	+	418862	418882	1
primary	GCF_000318885.1	L2/25667R	aroB_alt2	aroB_alt2_R	R	20	EXACT	0		0	0	NC_020930.1	-	418924	418943	1
primary	GCF_000318885.1	L2/25667R	aroB_alt2	aroB_alt2_probe	probe	25	EXACT	0		0	0	NC_020930.1	+	418894	418918	1
primary	GCF_000318885.1	L2/25667R	PSD2_primary	PSD2_F	F	20	EXACT	0		0	0	NC_020930.1	+	799604	799623	1
primary	GCF_000318885.1	L2/25667R	PSD2_primary	PSD2_R	R	20	EXACT	0		0	0	NC_020930.1	-	799798	799817	1
primary	GCF_000318885.1	L2/25667R	PSD2_primary	PSD2_probe	probe	22	EXACT	0		0	0	NC_020930.1	+	799752	799773	1
primary	GCF_000318885.1	L2/25667R	PSD2_alt1	PSD2_alt1_F	F	20	EXACT	0		0	0	NC_020930.1	+	799187	799206	1
primary	GCF_000318885.1	L2/25667R	PSD2_alt1	PSD2_alt1_R	R	19	EXACT	0		0	0	NC_020930.1	-	799250	799268	1
primary	GCF_000318885.1	L2/25667R	PSD2_alt1	PSD2_alt1_probe	probe	28	EXACT	0		0	0	NC_020930.1	+	799222	799249	1
primary	GCF_000318885.1	L2/25667R	group_306	group_306_F	F	20	EXACT	0		0	0	NC_020930.1	-	1012128	1012147	1
primary	GCF_000318885.1	L2/25667R	group_306	group_306_R	R	20	EXACT	0		0	0	NC_020930.1	+	1012058	1012077	1
primary	GCF_000318885.1	L2/25667R	group_306	group_306_probe	probe	22	EXACT	0		0	0	NC_020930.1	-	1012080	1012101	1
primary	GCF_000318905.1	L2b/8200/07	mutL	mutL_F	F	20	EXACT	0		0	0	NC_020945.1	-	644936	644955	1
primary	GCF_000318905.1	L2b/8200/07	mutL	mutL_R	R	20	EXACT	0		0	0	NC_020945.1	+	644829	644848	1
primary	GCF_000318905.1	L2b/8200/07	mutL	mutL_probe	probe	22	EXACT	0		0	0	NC_020945.1	-	644887	644908	1
primary	GCF_000318905.1	L2b/8200/07	aroB_primary	aroB_F	F	20	EXACT	0		0	0	NC_020945.1	+	418239	418258	1
primary	GCF_000318905.1	L2b/8200/07	aroB_primary	aroB_R	R	20	EXACT	0		0	0	NC_020945.1	-	418363	418382	1
primary	GCF_000318905.1	L2b/8200/07	aroB_primary	aroB_probe	probe	25	EXACT	0		0	0	NC_020945.1	+	418329	418353	1
primary	GCF_000318905.1	L2b/8200/07	aroB_alt1	aroB_alt1_F	F	19	EXACT	0		0	0	NC_020945.1	+	417888	417906	1
primary	GCF_000318905.1	L2b/8200/07	aroB_alt1	aroB_alt1_R	R	20	EXACT	0		0	0	NC_020945.1	-	417969	417988	1
primary	GCF_000318905.1	L2b/8200/07	aroB_alt1	aroB_alt1_probe	probe	27	EXACT	0		0	0	NC_020945.1	+	417907	417933	1
primary	GCF_000318905.1	L2b/8200/07	aroB_alt2	aroB_alt2_F	F	21	EXACT	0		0	0	NC_020945.1	+	418864	418884	1
primary	GCF_000318905.1	L2b/8200/07	aroB_alt2	aroB_alt2_R	R	20	EXACT	0		0	0	NC_020945.1	-	418926	418945	1
primary	GCF_000318905.1	L2b/8200/07	aroB_alt2	aroB_alt2_probe	probe	25	EXACT	0		0	0	NC_020945.1	+	418896	418920	1
primary	GCF_000318905.1	L2b/8200/07	PSD2_primary	PSD2_F	F	20	EXACT	0		0	0	NC_020945.1	+	799594	799613	1
primary	GCF_000318905.1	L2b/8200/07	PSD2_primary	PSD2_R	R	20	EXACT	0		0	0	NC_020945.1	-	799788	799807	1
primary	GCF_000318905.1	L2b/8200/07	PSD2_primary	PSD2_probe	probe	22	EXACT	0		0	0	NC_020945.1	+	799742	799763	1
primary	GCF_000318905.1	L2b/8200/07	PSD2_alt1	PSD2_alt1_F	F	20	EXACT	0		0	0	NC_020945.1	+	799177	799196	1
primary	GCF_000318905.1	L2b/8200/07	PSD2_alt1	PSD2_alt1_R	R	19	EXACT	0		0	0	NC_020945.1	-	799240	799258	1
primary	GCF_000318905.1	L2b/8200/07	PSD2_alt1	PSD2_alt1_probe	probe	28	EXACT	0		0	0	NC_020945.1	+	799212	799239	1
primary	GCF_000318905.1	L2b/8200/07	group_306	group_306_F	F	20	EXACT	0		0	0	NC_020945.1	-	1012130	1012149	1
primary	GCF_000318905.1	L2b/8200/07	group_306	group_306_R	R	20	EXACT	0		0	0	NC_020945.1	+	1012060	1012079	1
primary	GCF_000318905.1	L2b/8200/07	group_306	group_306_probe	probe	22	EXACT	0		0	0	NC_020945.1	-	1012082	1012103	1
primary	GCF_000318925.1	L2b/UCH-2	mutL	mutL_F	F	20	EXACT	0		0	0	NC_020931.1	-	644936	644955	1
primary	GCF_000318925.1	L2b/UCH-2	mutL	mutL_R	R	20	EXACT	0		0	0	NC_020931.1	+	644829	644848	1
primary	GCF_000318925.1	L2b/UCH-2	mutL	mutL_probe	probe	22	EXACT	0		0	0	NC_020931.1	-	644887	644908	1
primary	GCF_000318925.1	L2b/UCH-2	aroB_primary	aroB_F	F	20	EXACT	0		0	0	NC_020931.1	+	418239	418258	1
primary	GCF_000318925.1	L2b/UCH-2	aroB_primary	aroB_R	R	20	EXACT	0		0	0	NC_020931.1	-	418363	418382	1
primary	GCF_000318925.1	L2b/UCH-2	aroB_primary	aroB_probe	probe	25	EXACT	0		0	0	NC_020931.1	+	418329	418353	1
primary	GCF_000318925.1	L2b/UCH-2	aroB_alt1	aroB_alt1_F	F	19	EXACT	0		0	0	NC_020931.1	+	417888	417906	1
primary	GCF_000318925.1	L2b/UCH-2	aroB_alt1	aroB_alt1_R	R	20	EXACT	0		0	0	NC_020931.1	-	417969	417988	1
primary	GCF_000318925.1	L2b/UCH-2	aroB_alt1	aroB_alt1_probe	probe	27	EXACT	0		0	0	NC_020931.1	+	417907	417933	1
primary	GCF_000318925.1	L2b/UCH-2	aroB_alt2	aroB_alt2_F	F	21	EXACT	0		0	0	NC_020931.1	+	418864	418884	1
primary	GCF_000318925.1	L2b/UCH-2	aroB_alt2	aroB_alt2_R	R	20	EXACT	0		0	0	NC_020931.1	-	418926	418945	1
primary	GCF_000318925.1	L2b/UCH-2	aroB_alt2	aroB_alt2_probe	probe	25	EXACT	0		0	0	NC_020931.1	+	418896	418920	1
primary	GCF_000318925.1	L2b/UCH-2	PSD2_primary	PSD2_F	F	20	EXACT	0		0	0	NC_020931.1	+	799594	799613	1
primary	GCF_000318925.1	L2b/UCH-2	PSD2_primary	PSD2_R	R	20	EXACT	0		0	0	NC_020931.1	-	799788	799807	1
primary	GCF_000318925.1	L2b/UCH-2	PSD2_primary	PSD2_probe	probe	22	EXACT	0		0	0	NC_020931.1	+	799742	799763	1
primary	GCF_000318925.1	L2b/UCH-2	PSD2_alt1	PSD2_alt1_F	F	20	EXACT	0		0	0	NC_020931.1	+	799177	799196	1
primary	GCF_000318925.1	L2b/UCH-2	PSD2_alt1	PSD2_alt1_R	R	19	EXACT	0		0	0	NC_020931.1	-	799240	799258	1
primary	GCF_000318925.1	L2b/UCH-2	PSD2_alt1	PSD2_alt1_probe	probe	28	EXACT	0		0	0	NC_020931.1	+	799212	799239	1
primary	GCF_000318925.1	L2b/UCH-2	group_306	group_306_F	F	20	EXACT	0		0	0	NC_020931.1	-	1012130	1012149	1
primary	GCF_000318925.1	L2b/UCH-2	group_306	group_306_R	R	20	EXACT	0		0	0	NC_020931.1	+	1012060	1012079	1
primary	GCF_000318925.1	L2b/UCH-2	group_306	group_306_probe	probe	22	EXACT	0		0	0	NC_020931.1	-	1012082	1012103	1
primary	GCF_000318985.1	L2b/795	mutL	mutL_F	F	20	EXACT	0		0	0	NC_020938.1	-	644792	644811	1
primary	GCF_000318985.1	L2b/795	mutL	mutL_R	R	20	EXACT	0		0	0	NC_020938.1	+	644685	644704	1
primary	GCF_000318985.1	L2b/795	mutL	mutL_probe	probe	22	EXACT	0		0	0	NC_020938.1	-	644743	644764	1
primary	GCF_000318985.1	L2b/795	aroB_primary	aroB_F	F	20	EXACT	0		0	0	NC_020938.1	+	418095	418114	1
primary	GCF_000318985.1	L2b/795	aroB_primary	aroB_R	R	20	EXACT	0		0	0	NC_020938.1	-	418219	418238	1
primary	GCF_000318985.1	L2b/795	aroB_primary	aroB_probe	probe	25	EXACT	0		0	0	NC_020938.1	+	418185	418209	1
primary	GCF_000318985.1	L2b/795	aroB_alt1	aroB_alt1_F	F	19	EXACT	0		0	0	NC_020938.1	+	417744	417762	1
primary	GCF_000318985.1	L2b/795	aroB_alt1	aroB_alt1_R	R	20	EXACT	0		0	0	NC_020938.1	-	417825	417844	1
primary	GCF_000318985.1	L2b/795	aroB_alt1	aroB_alt1_probe	probe	27	EXACT	0		0	0	NC_020938.1	+	417763	417789	1
primary	GCF_000318985.1	L2b/795	aroB_alt2	aroB_alt2_F	F	21	EXACT	0		0	0	NC_020938.1	+	418720	418740	1
primary	GCF_000318985.1	L2b/795	aroB_alt2	aroB_alt2_R	R	20	EXACT	0		0	0	NC_020938.1	-	418782	418801	1
primary	GCF_000318985.1	L2b/795	aroB_alt2	aroB_alt2_probe	probe	25	EXACT	0		0	0	NC_020938.1	+	418752	418776	1
primary	GCF_000318985.1	L2b/795	PSD2_primary	PSD2_F	F	20	EXACT	0		0	0	NC_020938.1	+	799450	799469	1
primary	GCF_000318985.1	L2b/795	PSD2_primary	PSD2_R	R	20	EXACT	0		0	0	NC_020938.1	-	799644	799663	1
primary	GCF_000318985.1	L2b/795	PSD2_primary	PSD2_probe	probe	22	EXACT	0		0	0	NC_020938.1	+	799598	799619	1
primary	GCF_000318985.1	L2b/795	PSD2_alt1	PSD2_alt1_F	F	20	EXACT	0		0	0	NC_020938.1	+	799033	799052	1
primary	GCF_000318985.1	L2b/795	PSD2_alt1	PSD2_alt1_R	R	19	EXACT	0		0	0	NC_020938.1	-	799096	799114	1
primary	GCF_000318985.1	L2b/795	PSD2_alt1	PSD2_alt1_probe	probe	28	EXACT	0		0	0	NC_020938.1	+	799068	799095	1
primary	GCF_000318985.1	L2b/795	group_306	group_306_F	F	20	EXACT	0		0	0	NC_020938.1	-	1011986	1012005	1
primary	GCF_000318985.1	L2b/795	group_306	group_306_R	R	20	EXACT	0		0	0	NC_020938.1	+	1011916	1011935	1
primary	GCF_000318985.1	L2b/795	group_306	group_306_probe	probe	22	EXACT	0		0	0	NC_020938.1	-	1011938	1011959	1
primary	GCF_000319105.1	L3/404/LN	mutL	mutL_F	F	20	EXACT	0		0	0	NC_020974.1	-	645343	645362	1
primary	GCF_000319105.1	L3/404/LN	mutL	mutL_R	R	20	EXACT	0		0	0	NC_020974.1	+	645236	645255	1
primary	GCF_000319105.1	L3/404/LN	mutL	mutL_probe	probe	22	EXACT	0		0	0	NC_020974.1	-	645294	645315	1
primary	GCF_000319105.1	L3/404/LN	aroB_primary	aroB_F	F	20	EXACT	0		0	0	NC_020974.1	+	418181	418200	1
primary	GCF_000319105.1	L3/404/LN	aroB_primary	aroB_R	R	20	EXACT	0		0	0	NC_020974.1	-	418305	418324	1
primary	GCF_000319105.1	L3/404/LN	aroB_primary	aroB_probe	probe	25	EXACT	0		0	0	NC_020974.1	+	418271	418295	1
primary	GCF_000319105.1	L3/404/LN	aroB_alt1	aroB_alt1_F	F	19	EXACT	0		0	0	NC_020974.1	+	417830	417848	1
primary	GCF_000319105.1	L3/404/LN	aroB_alt1	aroB_alt1_R	R	20	EXACT	0		0	0	NC_020974.1	-	417911	417930	1
primary	GCF_000319105.1	L3/404/LN	aroB_alt1	aroB_alt1_probe	probe	27	EXACT	0		0	0	NC_020974.1	+	417849	417875	1
primary	GCF_000319105.1	L3/404/LN	aroB_alt2	aroB_alt2_F	F	21	EXACT	0		0	0	NC_020974.1	+	418806	418826	1
primary	GCF_000319105.1	L3/404/LN	aroB_alt2	aroB_alt2_R	R	20	EXACT	0		0	0	NC_020974.1	-	418868	418887	1
primary	GCF_000319105.1	L3/404/LN	aroB_alt2	aroB_alt2_probe	probe	25	EXACT	0		0	0	NC_020974.1	+	418838	418862	1
primary	GCF_000319105.1	L3/404/LN	PSD2_primary	PSD2_F	F	20	EXACT	0		0	0	NC_020974.1	+	800022	800041	1
primary	GCF_000319105.1	L3/404/LN	PSD2_primary	PSD2_R	R	20	EXACT	0		0	0	NC_020974.1	-	800216	800235	1
primary	GCF_000319105.1	L3/404/LN	PSD2_primary	PSD2_probe	probe	22	EXACT	0		0	0	NC_020974.1	+	800170	800191	1
primary	GCF_000319105.1	L3/404/LN	PSD2_alt1	PSD2_alt1_F	F	20	EXACT	0		0	0	NC_020974.1	+	799605	799624	1
primary	GCF_000319105.1	L3/404/LN	PSD2_alt1	PSD2_alt1_R	R	19	EXACT	0		0	0	NC_020974.1	-	799668	799686	1
primary	GCF_000319105.1	L3/404/LN	PSD2_alt1	PSD2_alt1_probe	probe	28	EXACT	0		0	0	NC_020974.1	+	799640	799667	1
primary	GCF_000319105.1	L3/404/LN	group_306	group_306_F	F	20	EXACT	0		0	0	NC_020974.1	-	1012545	1012564	1
primary	GCF_000319105.1	L3/404/LN	group_306	group_306_R	R	20	EXACT	0		0	0	NC_020974.1	+	1012475	1012494	1
primary	GCF_000319105.1	L3/404/LN	group_306	group_306_probe	probe	22	EXACT	0		0	0	NC_020974.1	-	1012497	1012518	1
primary	GCF_000364765.1	L2/434/Bu(i)	mutL	mutL_F	F	20	EXACT	0		0	0	NC_021050.1	-	966591	966610	1
primary	GCF_000364765.1	L2/434/Bu(i)	mutL	mutL_R	R	20	EXACT	0		0	0	NC_021050.1	+	966484	966503	1
primary	GCF_000364765.1	L2/434/Bu(i)	mutL	mutL_probe	probe	22	EXACT	0		0	0	NC_021050.1	-	966542	966563	1
primary	GCF_000364765.1	L2/434/Bu(i)	aroB_primary	aroB_F	F	20	EXACT	0		0	0	NC_021050.1	+	739885	739904	1
primary	GCF_000364765.1	L2/434/Bu(i)	aroB_primary	aroB_R	R	20	EXACT	0		0	0	NC_021050.1	-	740009	740028	1
primary	GCF_000364765.1	L2/434/Bu(i)	aroB_primary	aroB_probe	probe	25	EXACT	0		0	0	NC_021050.1	+	739975	739999	1
primary	GCF_000364765.1	L2/434/Bu(i)	aroB_alt1	aroB_alt1_F	F	19	EXACT	0		0	0	NC_021050.1	+	739534	739552	1
primary	GCF_000364765.1	L2/434/Bu(i)	aroB_alt1	aroB_alt1_R	R	20	EXACT	0		0	0	NC_021050.1	-	739615	739634	1
primary	GCF_000364765.1	L2/434/Bu(i)	aroB_alt1	aroB_alt1_probe	probe	27	EXACT	0		0	0	NC_021050.1	+	739553	739579	1
primary	GCF_000364765.1	L2/434/Bu(i)	aroB_alt2	aroB_alt2_F	F	21	EXACT	0		0	0	NC_021050.1	+	740510	740530	1
primary	GCF_000364765.1	L2/434/Bu(i)	aroB_alt2	aroB_alt2_R	R	20	EXACT	0		0	0	NC_021050.1	-	740572	740591	1
primary	GCF_000364765.1	L2/434/Bu(i)	aroB_alt2	aroB_alt2_probe	probe	25	EXACT	0		0	0	NC_021050.1	+	740542	740566	1
primary	GCF_000364765.1	L2/434/Bu(i)	PSD2_primary	PSD2_F	F	20	EXACT	0		0	0	NC_021050.1	+	82413	82432	1
primary	GCF_000364765.1	L2/434/Bu(i)	PSD2_primary	PSD2_R	R	20	EXACT	0		0	0	NC_021050.1	-	82607	82626	1
primary	GCF_000364765.1	L2/434/Bu(i)	PSD2_primary	PSD2_probe	probe	22	EXACT	0		0	0	NC_021050.1	+	82561	82582	1
primary	GCF_000364765.1	L2/434/Bu(i)	PSD2_alt1	PSD2_alt1_F	F	20	EXACT	0		0	0	NC_021050.1	+	81996	82015	1
primary	GCF_000364765.1	L2/434/Bu(i)	PSD2_alt1	PSD2_alt1_R	R	19	EXACT	0		0	0	NC_021050.1	-	82059	82077	1
primary	GCF_000364765.1	L2/434/Bu(i)	PSD2_alt1	PSD2_alt1_probe	probe	28	EXACT	0		0	0	NC_021050.1	+	82031	82058	1
primary	GCF_000364765.1	L2/434/Bu(i)	group_306	group_306_F	F	20	EXACT	0		0	0	NC_021050.1	-	294937	294956	1
primary	GCF_000364765.1	L2/434/Bu(i)	group_306	group_306_R	R	20	EXACT	0		0	0	NC_021050.1	+	294867	294886	1
primary	GCF_000364765.1	L2/434/Bu(i)	group_306	group_306_probe	probe	22	EXACT	0		0	0	NC_021050.1	-	294889	294910	1
primary	GCF_000364785.1	L2/434/Bu(f)	mutL	mutL_F	F	20	EXACT	0		0	0	NC_021052.1	-	966591	966610	1
primary	GCF_000364785.1	L2/434/Bu(f)	mutL	mutL_R	R	20	EXACT	0		0	0	NC_021052.1	+	966484	966503	1
primary	GCF_000364785.1	L2/434/Bu(f)	mutL	mutL_probe	probe	22	EXACT	0		0	0	NC_021052.1	-	966542	966563	1
primary	GCF_000364785.1	L2/434/Bu(f)	aroB_primary	aroB_F	F	20	EXACT	0		0	0	NC_021052.1	+	739885	739904	1
primary	GCF_000364785.1	L2/434/Bu(f)	aroB_primary	aroB_R	R	20	EXACT	0		0	0	NC_021052.1	-	740009	740028	1
primary	GCF_000364785.1	L2/434/Bu(f)	aroB_primary	aroB_probe	probe	25	EXACT	0		0	0	NC_021052.1	+	739975	739999	1
primary	GCF_000364785.1	L2/434/Bu(f)	aroB_alt1	aroB_alt1_F	F	19	EXACT	0		0	0	NC_021052.1	+	739534	739552	1
primary	GCF_000364785.1	L2/434/Bu(f)	aroB_alt1	aroB_alt1_R	R	20	EXACT	0		0	0	NC_021052.1	-	739615	739634	1
primary	GCF_000364785.1	L2/434/Bu(f)	aroB_alt1	aroB_alt1_probe	probe	27	EXACT	0		0	0	NC_021052.1	+	739553	739579	1
primary	GCF_000364785.1	L2/434/Bu(f)	aroB_alt2	aroB_alt2_F	F	21	EXACT	0		0	0	NC_021052.1	+	740510	740530	1
primary	GCF_000364785.1	L2/434/Bu(f)	aroB_alt2	aroB_alt2_R	R	20	EXACT	0		0	0	NC_021052.1	-	740572	740591	1
primary	GCF_000364785.1	L2/434/Bu(f)	aroB_alt2	aroB_alt2_probe	probe	25	EXACT	0		0	0	NC_021052.1	+	740542	740566	1
primary	GCF_000364785.1	L2/434/Bu(f)	PSD2_primary	PSD2_F	F	20	EXACT	0		0	0	NC_021052.1	+	82413	82432	1
primary	GCF_000364785.1	L2/434/Bu(f)	PSD2_primary	PSD2_R	R	20	EXACT	0		0	0	NC_021052.1	-	82607	82626	1
primary	GCF_000364785.1	L2/434/Bu(f)	PSD2_primary	PSD2_probe	probe	22	EXACT	0		0	0	NC_021052.1	+	82561	82582	1
primary	GCF_000364785.1	L2/434/Bu(f)	PSD2_alt1	PSD2_alt1_F	F	20	EXACT	0		0	0	NC_021052.1	+	81996	82015	1
primary	GCF_000364785.1	L2/434/Bu(f)	PSD2_alt1	PSD2_alt1_R	R	19	EXACT	0		0	0	NC_021052.1	-	82059	82077	1
primary	GCF_000364785.1	L2/434/Bu(f)	PSD2_alt1	PSD2_alt1_probe	probe	28	EXACT	0		0	0	NC_021052.1	+	82031	82058	1
primary	GCF_000364785.1	L2/434/Bu(f)	group_306	group_306_F	F	20	EXACT	0		0	0	NC_021052.1	-	294937	294956	1
primary	GCF_000364785.1	L2/434/Bu(f)	group_306	group_306_R	R	20	EXACT	0		0	0	NC_021052.1	+	294867	294886	1
primary	GCF_000364785.1	L2/434/Bu(f)	group_306	group_306_probe	probe	22	EXACT	0		0	0	NC_021052.1	-	294889	294910	1
primary	GCF_000441585.1	RC-F/69	mutL	mutL_F	F	20	EXACT	0		0	0	NC_021895.1	-	651604	651623	1
primary	GCF_000441585.1	RC-F/69	mutL	mutL_R	R	20	EXACT	0		0	0	NC_021895.1	+	651497	651516	1
primary	GCF_000441585.1	RC-F/69	mutL	mutL_probe	probe	22	EXACT	0		0	0	NC_021895.1	-	651555	651576	1
primary	GCF_000441585.1	RC-F/69	aroB_primary	aroB_F	F	20	EXACT	0		0	0	NC_021895.1	+	425073	425092	1
primary	GCF_000441585.1	RC-F/69	aroB_primary	aroB_R	R	20	EXACT	0		0	0	NC_021895.1	-	425197	425216	1
primary	GCF_000441585.1	RC-F/69	aroB_primary	aroB_probe	probe	25	EXACT	0		0	0	NC_021895.1	+	425163	425187	1
primary	GCF_000441585.1	RC-F/69	aroB_alt1	aroB_alt1_F	F	19	EXACT	0		0	0	NC_021895.1	+	424722	424740	1
primary	GCF_000441585.1	RC-F/69	aroB_alt1	aroB_alt1_R	R	20	EXACT	0		0	0	NC_021895.1	-	424803	424822	1
primary	GCF_000441585.1	RC-F/69	aroB_alt1	aroB_alt1_probe	probe	27	EXACT	0		0	0	NC_021895.1	+	424741	424767	1
primary	GCF_000441585.1	RC-F/69	aroB_alt2	aroB_alt2_F	F	21	EXACT	0		0	0	NC_021895.1	+	425698	425718	1
primary	GCF_000441585.1	RC-F/69	aroB_alt2	aroB_alt2_R	R	20	EXACT	0		0	0	NC_021895.1	-	425760	425779	1
primary	GCF_000441585.1	RC-F/69	aroB_alt2	aroB_alt2_probe	probe	25	EXACT	0		0	0	NC_021895.1	+	425730	425754	1
primary	GCF_000441585.1	RC-F/69	PSD2_primary	PSD2_F	F	20	EXACT	0		0	0	NC_021895.1	+	806256	806275	1
primary	GCF_000441585.1	RC-F/69	PSD2_primary	PSD2_R	R	20	EXACT	0		0	0	NC_021895.1	-	806450	806469	1
primary	GCF_000441585.1	RC-F/69	PSD2_primary	PSD2_probe	probe	22	EXACT	0		0	0	NC_021895.1	+	806404	806425	1
primary	GCF_000441585.1	RC-F/69	PSD2_alt1	PSD2_alt1_F	F	20	EXACT	0		0	0	NC_021895.1	+	805839	805858	1
primary	GCF_000441585.1	RC-F/69	PSD2_alt1	PSD2_alt1_R	R	19	EXACT	0		0	0	NC_021895.1	-	805902	805920	1
primary	GCF_000441585.1	RC-F/69	PSD2_alt1	PSD2_alt1_probe	probe	28	EXACT	0		0	0	NC_021895.1	+	805874	805901	1
primary	GCF_000441585.1	RC-F/69	group_306	group_306_F	F	20	EXACT	0		0	0	NC_021895.1	-	1018779	1018798	1
primary	GCF_000441585.1	RC-F/69	group_306	group_306_R	R	20	EXACT	0		0	0	NC_021895.1	+	1018709	1018728	1
primary	GCF_000441585.1	RC-F/69	group_306	group_306_probe	probe	22	EXACT	0		0	0	NC_021895.1	-	1018731	1018752	1
primary	GCF_000441615.1	RC-L2(s)/46	mutL	mutL_F	F	20	EXACT	0		0	0	NC_021887.1	-	644321	644340	1
primary	GCF_000441615.1	RC-L2(s)/46	mutL	mutL_R	R	20	EXACT	0		0	0	NC_021887.1	+	644214	644233	1
primary	GCF_000441615.1	RC-L2(s)/46	mutL	mutL_probe	probe	22	EXACT	0		0	0	NC_021887.1	-	644272	644293	1
primary	GCF_000441615.1	RC-L2(s)/46	aroB_primary	aroB_F	F	20	EXACT	0		0	0	NC_021887.1	+	417615	417634	1
primary	GCF_000441615.1	RC-L2(s)/46	aroB_primary	aroB_R	R	20	EXACT	0		0	0	NC_021887.1	-	417739	417758	1
primary	GCF_000441615.1	RC-L2(s)/46	aroB_primary	aroB_probe	probe	25	EXACT	0		0	0	NC_021887.1	+	417705	417729	1
primary	GCF_000441615.1	RC-L2(s)/46	aroB_alt1	aroB_alt1_F	F	19	EXACT	0		0	0	NC_021887.1	+	417264	417282	1
primary	GCF_000441615.1	RC-L2(s)/46	aroB_alt1	aroB_alt1_R	R	20	EXACT	0		0	0	NC_021887.1	-	417345	417364	1
primary	GCF_000441615.1	RC-L2(s)/46	aroB_alt1	aroB_alt1_probe	probe	27	EXACT	0		0	0	NC_021887.1	+	417283	417309	1
primary	GCF_000441615.1	RC-L2(s)/46	aroB_alt2	aroB_alt2_F	F	21	EXACT	0		0	0	NC_021887.1	+	418240	418260	1
primary	GCF_000441615.1	RC-L2(s)/46	aroB_alt2	aroB_alt2_R	R	20	EXACT	0		0	0	NC_021887.1	-	418302	418321	1
primary	GCF_000441615.1	RC-L2(s)/46	aroB_alt2	aroB_alt2_probe	probe	25	EXACT	0		0	0	NC_021887.1	+	418272	418296	1
primary	GCF_000441615.1	RC-L2(s)/46	PSD2_primary	PSD2_F	F	20	EXACT	0		0	0	NC_021887.1	+	798985	799004	1
primary	GCF_000441615.1	RC-L2(s)/46	PSD2_primary	PSD2_R	R	20	EXACT	0		0	0	NC_021887.1	-	799179	799198	1
primary	GCF_000441615.1	RC-L2(s)/46	PSD2_primary	PSD2_probe	probe	22	EXACT	0		0	0	NC_021887.1	+	799133	799154	1
primary	GCF_000441615.1	RC-L2(s)/46	PSD2_alt1	PSD2_alt1_F	F	20	EXACT	0		0	0	NC_021887.1	+	798568	798587	1
primary	GCF_000441615.1	RC-L2(s)/46	PSD2_alt1	PSD2_alt1_R	R	19	EXACT	0		0	0	NC_021887.1	-	798631	798649	1
primary	GCF_000441615.1	RC-L2(s)/46	PSD2_alt1	PSD2_alt1_probe	probe	28	EXACT	0		0	0	NC_021887.1	+	798603	798630	1
primary	GCF_000441615.1	RC-L2(s)/46	group_306	group_306_F	F	20	EXACT	0		0	0	NC_021887.1	-	1011509	1011528	1
primary	GCF_000441615.1	RC-L2(s)/46	group_306	group_306_R	R	20	EXACT	0		0	0	NC_021887.1	+	1011439	1011458	1
primary	GCF_000441615.1	RC-L2(s)/46	group_306	group_306_probe	probe	22	EXACT	0		0	0	NC_021887.1	-	1011461	1011482	1
primary	GCF_000441655.1	RC-J/943	mutL	mutL_F	F	20	EXACT	0		0	0	NC_021896.1	-	644360	644379	1
primary	GCF_000441655.1	RC-J/943	mutL	mutL_R	R	20	EXACT	0		0	0	NC_021896.1	+	644253	644272	1
primary	GCF_000441655.1	RC-J/943	mutL	mutL_probe	probe	22	EXACT	0		0	0	NC_021896.1	-	644311	644332	1
primary	GCF_000441655.1	RC-J/943	aroB_primary	aroB_F	F	20	EXACT	0		0	0	NC_021896.1	+	417646	417665	1
primary	GCF_000441655.1	RC-J/943	aroB_primary	aroB_R	R	20	EXACT	0		0	0	NC_021896.1	-	417770	417789	1
primary	GCF_000441655.1	RC-J/943	aroB_primary	aroB_probe	probe	25	EXACT	0		0	0	NC_021896.1	+	417736	417760	1
primary	GCF_000441655.1	RC-J/943	aroB_alt1	aroB_alt1_F	F	19	EXACT	0		0	0	NC_021896.1	+	417295	417313	1
primary	GCF_000441655.1	RC-J/943	aroB_alt1	aroB_alt1_R	R	20	EXACT	0		0	0	NC_021896.1	-	417376	417395	1
primary	GCF_000441655.1	RC-J/943	aroB_alt1	aroB_alt1_probe	probe	27	EXACT	0		0	0	NC_021896.1	+	417314	417340	1
primary	GCF_000441655.1	RC-J/943	aroB_alt2	aroB_alt2_F	F	21	EXACT	0		0	0	NC_021896.1	+	418271	418291	1
primary	GCF_000441655.1	RC-J/943	aroB_alt2	aroB_alt2_R	R	20	EXACT	0		0	0	NC_021896.1	-	418333	418352	1
primary	GCF_000441655.1	RC-J/943	aroB_alt2	aroB_alt2_probe	probe	25	EXACT	0		0	0	NC_021896.1	+	418303	418327	1
primary	GCF_000441655.1	RC-J/943	PSD2_primary	PSD2_F	F	20	EXACT	0		0	0	NC_021896.1	+	799007	799026	1
primary	GCF_000441655.1	RC-J/943	PSD2_primary	PSD2_R	R	20	EXACT	0		0	0	NC_021896.1	-	799201	799220	1
primary	GCF_000441655.1	RC-J/943	PSD2_primary	PSD2_probe	probe	22	EXACT	0		0	0	NC_021896.1	+	799155	799176	1
primary	GCF_000441655.1	RC-J/943	PSD2_alt1	PSD2_alt1_F	F	20	EXACT	0		0	0	NC_021896.1	+	798590	798609	1
primary	GCF_000441655.1	RC-J/943	PSD2_alt1	PSD2_alt1_R	R	19	EXACT	0		0	0	NC_021896.1	-	798653	798671	1
primary	GCF_000441655.1	RC-J/943	PSD2_alt1	PSD2_alt1_probe	probe	28	EXACT	0		0	0	NC_021896.1	+	798625	798652	1
primary	GCF_000441655.1	RC-J/943	group_306	group_306_F	F	20	EXACT	0		0	0	NC_021896.1	-	1011489	1011508	1
primary	GCF_000441655.1	RC-J/943	group_306	group_306_R	R	20	EXACT	0		0	0	NC_021896.1	+	1011419	1011438	1
primary	GCF_000441655.1	RC-J/943	group_306	group_306_probe	probe	22	EXACT	0		0	0	NC_021896.1	-	1011441	1011462	1
primary	GCF_000441675.1	RC-J/953	mutL	mutL_F	F	20	EXACT	0		0	0	NC_021889.1	-	644315	644334	1
primary	GCF_000441675.1	RC-J/953	mutL	mutL_R	R	20	EXACT	0		0	0	NC_021889.1	+	644208	644227	1
primary	GCF_000441675.1	RC-J/953	mutL	mutL_probe	probe	22	EXACT	0		0	0	NC_021889.1	-	644266	644287	1
primary	GCF_000441675.1	RC-J/953	aroB_primary	aroB_F	F	20	EXACT	0		0	0	NC_021889.1	+	417615	417634	1
primary	GCF_000441675.1	RC-J/953	aroB_primary	aroB_R	R	20	EXACT	0		0	0	NC_021889.1	-	417739	417758	1
primary	GCF_000441675.1	RC-J/953	aroB_primary	aroB_probe	probe	25	EXACT	0		0	0	NC_021889.1	+	417705	417729	1
primary	GCF_000441675.1	RC-J/953	aroB_alt1	aroB_alt1_F	F	19	EXACT	0		0	0	NC_021889.1	+	417264	417282	1
primary	GCF_000441675.1	RC-J/953	aroB_alt1	aroB_alt1_R	R	20	EXACT	0		0	0	NC_021889.1	-	417345	417364	1
primary	GCF_000441675.1	RC-J/953	aroB_alt1	aroB_alt1_probe	probe	27	EXACT	0		0	0	NC_021889.1	+	417283	417309	1
primary	GCF_000441675.1	RC-J/953	aroB_alt2	aroB_alt2_F	F	21	EXACT	0		0	0	NC_021889.1	+	418240	418260	1
primary	GCF_000441675.1	RC-J/953	aroB_alt2	aroB_alt2_R	R	20	EXACT	0		0	0	NC_021889.1	-	418302	418321	1
primary	GCF_000441675.1	RC-J/953	aroB_alt2	aroB_alt2_probe	probe	25	EXACT	0		0	0	NC_021889.1	+	418272	418296	1
primary	GCF_000441675.1	RC-J/953	PSD2_primary	PSD2_F	F	20	EXACT	0		0	0	NC_021889.1	+	799001	799020	1
primary	GCF_000441675.1	RC-J/953	PSD2_primary	PSD2_R	R	20	EXACT	0		0	0	NC_021889.1	-	799195	799214	1
primary	GCF_000441675.1	RC-J/953	PSD2_primary	PSD2_probe	probe	22	EXACT	0		0	0	NC_021889.1	+	799149	799170	1
primary	GCF_000441675.1	RC-J/953	PSD2_alt1	PSD2_alt1_F	F	20	EXACT	0		0	0	NC_021889.1	+	798584	798603	1
primary	GCF_000441675.1	RC-J/953	PSD2_alt1	PSD2_alt1_R	R	19	EXACT	0		0	0	NC_021889.1	-	798647	798665	1
primary	GCF_000441675.1	RC-J/953	PSD2_alt1	PSD2_alt1_probe	probe	28	EXACT	0		0	0	NC_021889.1	+	798619	798646	1
primary	GCF_000441675.1	RC-J/953	group_306	group_306_F	F	20	EXACT	0		0	0	NC_021889.1	-	1011484	1011503	1
primary	GCF_000441675.1	RC-J/953	group_306	group_306_R	R	20	EXACT	0		0	0	NC_021889.1	+	1011414	1011433	1
primary	GCF_000441675.1	RC-J/953	group_306	group_306_probe	probe	22	EXACT	0		0	0	NC_021889.1	-	1011436	1011457	1
primary	GCF_000441695.1	RC-L2(s)/3	mutL	mutL_F	F	20	EXACT	0		0	0	NC_021897.1	-	651633	651652	1
primary	GCF_000441695.1	RC-L2(s)/3	mutL	mutL_R	R	20	EXACT	0		0	0	NC_021897.1	+	651526	651545	1
primary	GCF_000441695.1	RC-L2(s)/3	mutL	mutL_probe	probe	22	EXACT	0		0	0	NC_021897.1	-	651584	651605	2
primary	GCF_000441695.1	RC-L2(s)/3	aroB_primary	aroB_F	F	20	EXACT	0		0	0	NC_021897.1	+	424927	424946	1
primary	GCF_000441695.1	RC-L2(s)/3	aroB_primary	aroB_R	R	20	EXACT	0		0	0	NC_021897.1	-	425051	425070	1
primary	GCF_000441695.1	RC-L2(s)/3	aroB_primary	aroB_probe	probe	25	EXACT	0		0	0	NC_021897.1	+	425017	425041	1
primary	GCF_000441695.1	RC-L2(s)/3	aroB_alt1	aroB_alt1_F	F	19	EXACT	0		0	0	NC_021897.1	+	424576	424594	1
primary	GCF_000441695.1	RC-L2(s)/3	aroB_alt1	aroB_alt1_R	R	20	EXACT	0		0	0	NC_021897.1	-	424657	424676	1
primary	GCF_000441695.1	RC-L2(s)/3	aroB_alt1	aroB_alt1_probe	probe	27	EXACT	0		0	0	NC_021897.1	+	424595	424621	1
primary	GCF_000441695.1	RC-L2(s)/3	aroB_alt2	aroB_alt2_F	F	21	EXACT	0		0	0	NC_021897.1	+	425552	425572	1
primary	GCF_000441695.1	RC-L2(s)/3	aroB_alt2	aroB_alt2_R	R	20	EXACT	0		0	0	NC_021897.1	-	425614	425633	1
primary	GCF_000441695.1	RC-L2(s)/3	aroB_alt2	aroB_alt2_probe	probe	25	EXACT	0		0	0	NC_021897.1	+	425584	425608	1
primary	GCF_000441695.1	RC-L2(s)/3	PSD2_primary	PSD2_F	F	20	EXACT	0		0	0	NC_021897.1	+	806298	806317	1
primary	GCF_000441695.1	RC-L2(s)/3	PSD2_primary	PSD2_R	R	20	EXACT	0		0	0	NC_021897.1	-	806492	806511	1
primary	GCF_000441695.1	RC-L2(s)/3	PSD2_primary	PSD2_probe	probe	22	EXACT	0		0	0	NC_021897.1	+	806446	806467	1
primary	GCF_000441695.1	RC-L2(s)/3	PSD2_alt1	PSD2_alt1_F	F	20	EXACT	0		0	0	NC_021897.1	+	805881	805900	1
primary	GCF_000441695.1	RC-L2(s)/3	PSD2_alt1	PSD2_alt1_R	R	19	EXACT	0		0	0	NC_021897.1	-	805944	805962	1
primary	GCF_000441695.1	RC-L2(s)/3	PSD2_alt1	PSD2_alt1_probe	probe	28	EXACT	0		0	0	NC_021897.1	+	805916	805943	1
primary	GCF_000441695.1	RC-L2(s)/3	group_306	group_306_F	F	20	EXACT	0		0	0	NC_021897.1	-	1018863	1018882	1
primary	GCF_000441695.1	RC-L2(s)/3	group_306	group_306_R	R	20	EXACT	0		0	0	NC_021897.1	+	1018793	1018812	1
primary	GCF_000441695.1	RC-L2(s)/3	group_306	group_306_probe	probe	22	EXACT	0		0	0	NC_021897.1	-	1018815	1018836	1
primary	GCF_000441755.1	RC-J/966	mutL	mutL_F	F	20	EXACT	0		0	0	NC_021898.1	-	644348	644367	1
primary	GCF_000441755.1	RC-J/966	mutL	mutL_R	R	20	EXACT	0		0	0	NC_021898.1	+	644241	644260	1
primary	GCF_000441755.1	RC-J/966	mutL	mutL_probe	probe	22	EXACT	0		0	0	NC_021898.1	-	644299	644320	1
primary	GCF_000441755.1	RC-J/966	aroB_primary	aroB_F	F	20	EXACT	0		0	0	NC_021898.1	+	417643	417662	1
primary	GCF_000441755.1	RC-J/966	aroB_primary	aroB_R	R	20	EXACT	0		0	0	NC_021898.1	-	417767	417786	1
primary	GCF_000441755.1	RC-J/966	aroB_primary	aroB_probe	probe	25	EXACT	0		0	0	NC_021898.1	+	417733	417757	1
primary	GCF_000441755.1	RC-J/966	aroB_alt1	aroB_alt1_F	F	19	EXACT	0		0	0	NC_021898.1	+	417292	417310	1
primary	GCF_000441755.1	RC-J/966	aroB_alt1	aroB_alt1_R	R	20	EXACT	0		0	0	NC_021898.1	-	417373	417392	1
primary	GCF_000441755.1	RC-J/966	aroB_alt1	aroB_alt1_probe	probe	27	EXACT	0		0	0	NC_021898.1	+	417311	417337	1
primary	GCF_000441755.1	RC-J/966	aroB_alt2	aroB_alt2_F	F	21	EXACT	0		0	0	NC_021898.1	+	418268	418288	1
primary	GCF_000441755.1	RC-J/966	aroB_alt2	aroB_alt2_R	R	20	EXACT	0		0	0	NC_021898.1	-	418330	418349	1
primary	GCF_000441755.1	RC-J/966	aroB_alt2	aroB_alt2_probe	probe	25	EXACT	0		0	0	NC_021898.1	+	418300	418324	1
primary	GCF_000441755.1	RC-J/966	PSD2_primary	PSD2_F	F	20	EXACT	0		0	0	NC_021898.1	+	799008	799027	1
primary	GCF_000441755.1	RC-J/966	PSD2_primary	PSD2_R	R	20	EXACT	0		0	0	NC_021898.1	-	799202	799221	1
primary	GCF_000441755.1	RC-J/966	PSD2_primary	PSD2_probe	probe	22	EXACT	0		0	0	NC_021898.1	+	799156	799177	1
primary	GCF_000441755.1	RC-J/966	PSD2_alt1	PSD2_alt1_F	F	20	EXACT	0		0	0	NC_021898.1	+	798591	798610	1
primary	GCF_000441755.1	RC-J/966	PSD2_alt1	PSD2_alt1_R	R	19	EXACT	0		0	0	NC_021898.1	-	798654	798672	1
primary	GCF_000441755.1	RC-J/966	PSD2_alt1	PSD2_alt1_probe	probe	28	EXACT	0		0	0	NC_021898.1	+	798626	798653	1
primary	GCF_000441755.1	RC-J/966	group_306	group_306_F	F	20	EXACT	0		0	0	NC_021898.1	-	1011531	1011550	1
primary	GCF_000441755.1	RC-J/966	group_306	group_306_R	R	20	EXACT	0		0	0	NC_021898.1	+	1011461	1011480	1
primary	GCF_000441755.1	RC-J/966	group_306	group_306_probe	probe	22	EXACT	0		0	0	NC_021898.1	-	1011483	1011504	1
primary	GCF_000441795.1	RC-J/971	mutL	mutL_F	F	20	EXACT	0		0	0	NC_021899.1	-	643957	643976	1
primary	GCF_000441795.1	RC-J/971	mutL	mutL_R	R	20	EXACT	0		0	0	NC_021899.1	+	643850	643869	1
primary	GCF_000441795.1	RC-J/971	mutL	mutL_probe	probe	22	EXACT	0		0	0	NC_021899.1	-	643908	643929	1
primary	GCF_000441795.1	RC-J/971	aroB_primary	aroB_F	F	20	EXACT	0		0	0	NC_021899.1	+	417620	417639	1
primary	GCF_000441795.1	RC-J/971	aroB_primary	aroB_R	R	20	EXACT	0		0	0	NC_021899.1	-	417744	417763	1
primary	GCF_000441795.1	RC-J/971	aroB_primary	aroB_probe	probe	25	EXACT	0		0	0	NC_021899.1	+	417710	417734	1
primary	GCF_000441795.1	RC-J/971	aroB_alt1	aroB_alt1_F	F	19	EXACT	0		0	0	NC_021899.1	+	417269	417287	1
primary	GCF_000441795.1	RC-J/971	aroB_alt1	aroB_alt1_R	R	20	EXACT	0		0	0	NC_021899.1	-	417350	417369	1
primary	GCF_000441795.1	RC-J/971	aroB_alt1	aroB_alt1_probe	probe	27	EXACT	0		0	0	NC_021899.1	+	417288	417314	1
primary	GCF_000441795.1	RC-J/971	aroB_alt2	aroB_alt2_F	F	21	EXACT	0		0	0	NC_021899.1	+	418245	418265	1
primary	GCF_000441795.1	RC-J/971	aroB_alt2	aroB_alt2_R	R	20	EXACT	0		0	0	NC_021899.1	-	418307	418326	1
primary	GCF_000441795.1	RC-J/971	aroB_alt2	aroB_alt2_probe	probe	25	EXACT	0		0	0	NC_021899.1	+	418277	418301	1
primary	GCF_000441795.1	RC-J/971	PSD2_primary	PSD2_F	F	20	EXACT	0		0	0	NC_021899.1	+	798610	798629	1
primary	GCF_000441795.1	RC-J/971	PSD2_primary	PSD2_R	R	20	EXACT	0		0	0	NC_021899.1	-	798804	798823	1
primary	GCF_000441795.1	RC-J/971	PSD2_primary	PSD2_probe	probe	22	EXACT	0		0	0	NC_021899.1	+	798758	798779	1
primary	GCF_000441795.1	RC-J/971	PSD2_alt1	PSD2_alt1_F	F	20	EXACT	0		0	0	NC_021899.1	+	798193	798212	1
primary	GCF_000441795.1	RC-J/971	PSD2_alt1	PSD2_alt1_R	R	19	EXACT	0		0	0	NC_021899.1	-	798256	798274	1
primary	GCF_000441795.1	RC-J/971	PSD2_alt1	PSD2_alt1_probe	probe	28	EXACT	0		0	0	NC_021899.1	+	798228	798255	1
primary	GCF_000441795.1	RC-J/971	group_306	group_306_F	F	20	EXACT	0		0	0	NC_021899.1	-	1011134	1011153	1
primary	GCF_000441795.1	RC-J/971	group_306	group_306_R	R	20	EXACT	0		0	0	NC_021899.1	+	1011064	1011083	1
primary	GCF_000441795.1	RC-J/971	group_306	group_306_probe	probe	22	EXACT	0		0	0	NC_021899.1	-	1011086	1011107	1
primary	GCF_000441815.1	RC-L2/55	mutL	mutL_F	F	20	EXACT	0		0	0	NC_021893.1	-	644355	644374	1
primary	GCF_000441815.1	RC-L2/55	mutL	mutL_R	R	20	EXACT	0		0	0	NC_021893.1	+	644248	644267	1
primary	GCF_000441815.1	RC-L2/55	mutL	mutL_probe	probe	22	EXACT	0		0	0	NC_021893.1	-	644306	644327	1
primary	GCF_000441815.1	RC-L2/55	aroB_primary	aroB_F	F	20	EXACT	0		0	0	NC_021893.1	+	417653	417672	1
primary	GCF_000441815.1	RC-L2/55	aroB_primary	aroB_R	R	20	EXACT	0		0	0	NC_021893.1	-	417777	417796	1
primary	GCF_000441815.1	RC-L2/55	aroB_primary	aroB_probe	probe	25	EXACT	0		0	0	NC_021893.1	+	417743	417767	1
primary	GCF_000441815.1	RC-L2/55	aroB_alt1	aroB_alt1_F	F	19	EXACT	0		0	0	NC_021893.1	+	417302	417320	1
primary	GCF_000441815.1	RC-L2/55	aroB_alt1	aroB_alt1_R	R	20	EXACT	0		0	0	NC_021893.1	-	417383	417402	1
primary	GCF_000441815.1	RC-L2/55	aroB_alt1	aroB_alt1_probe	probe	27	EXACT	0		0	0	NC_021893.1	+	417321	417347	1
primary	GCF_000441815.1	RC-L2/55	aroB_alt2	aroB_alt2_F	F	21	EXACT	0		0	0	NC_021893.1	+	418278	418298	1
primary	GCF_000441815.1	RC-L2/55	aroB_alt2	aroB_alt2_R	R	20	EXACT	0		0	0	NC_021893.1	-	418340	418359	1
primary	GCF_000441815.1	RC-L2/55	aroB_alt2	aroB_alt2_probe	probe	25	EXACT	0		0	0	NC_021893.1	+	418310	418334	1
primary	GCF_000441815.1	RC-L2/55	PSD2_primary	PSD2_F	F	20	EXACT	0		0	0	NC_021893.1	+	799038	799057	1
primary	GCF_000441815.1	RC-L2/55	PSD2_primary	PSD2_R	R	20	EXACT	0		0	0	NC_021893.1	-	799232	799251	1
primary	GCF_000441815.1	RC-L2/55	PSD2_primary	PSD2_probe	probe	22	EXACT	0		0	0	NC_021893.1	+	799186	799207	1
primary	GCF_000441815.1	RC-L2/55	PSD2_alt1	PSD2_alt1_F	F	20	EXACT	0		0	0	NC_021893.1	+	798621	798640	1
primary	GCF_000441815.1	RC-L2/55	PSD2_alt1	PSD2_alt1_R	R	19	EXACT	0		0	0	NC_021893.1	-	798684	798702	1
primary	GCF_000441815.1	RC-L2/55	PSD2_alt1	PSD2_alt1_probe	probe	28	EXACT	0		0	0	NC_021893.1	+	798656	798683	1
primary	GCF_000441815.1	RC-L2/55	group_306	group_306_F	F	20	EXACT	0		0	0	NC_021893.1	-	1011562	1011581	1
primary	GCF_000441815.1	RC-L2/55	group_306	group_306_R	R	20	EXACT	0		0	0	NC_021893.1	+	1011492	1011511	1
primary	GCF_000441815.1	RC-L2/55	group_306	group_306_probe	probe	22	EXACT	0		0	0	NC_021893.1	-	1011514	1011535	1
primary	GCF_000507225.1	C/TW-3	mutL	mutL_F	F	20	EXACT	0		0	0	NC_023060.1	-	650254	650273	1
primary	GCF_000507225.1	C/TW-3	mutL	mutL_R	R	20	EXACT	0		0	0	NC_023060.1	+	650147	650166	1
primary	GCF_000507225.1	C/TW-3	mutL	mutL_probe	probe	22	EXACT	0		0	0	NC_023060.1	-	650205	650226	1
primary	GCF_000507225.1	C/TW-3	aroB_primary	aroB_F	F	20	EXACT	0		0	0	NC_023060.1	+	423620	423639	1
primary	GCF_000507225.1	C/TW-3	aroB_primary	aroB_R	R	20	EXACT	0		0	0	NC_023060.1	-	423744	423763	1
primary	GCF_000507225.1	C/TW-3	aroB_primary	aroB_probe	probe	25	EXACT	0		0	0	NC_023060.1	+	423710	423734	1
primary	GCF_000507225.1	C/TW-3	aroB_alt1	aroB_alt1_F	F	19	EXACT	0		0	0	NC_023060.1	+	423269	423287	1
primary	GCF_000507225.1	C/TW-3	aroB_alt1	aroB_alt1_R	R	20	EXACT	0		0	0	NC_023060.1	-	423350	423369	1
primary	GCF_000507225.1	C/TW-3	aroB_alt1	aroB_alt1_probe	probe	27	EXACT	0		0	0	NC_023060.1	+	423288	423314	1
primary	GCF_000507225.1	C/TW-3	aroB_alt2	aroB_alt2_F	F	21	EXACT	0		0	0	NC_023060.1	+	424245	424265	1
primary	GCF_000507225.1	C/TW-3	aroB_alt2	aroB_alt2_R	R	20	EXACT	0		0	0	NC_023060.1	-	424307	424326	1
primary	GCF_000507225.1	C/TW-3	aroB_alt2	aroB_alt2_probe	probe	25	EXACT	0		0	0	NC_023060.1	+	424277	424301	1
primary	GCF_000507225.1	C/TW-3	PSD2_primary	PSD2_F	F	20	EXACT	0		0	0	NC_023060.1	+	804952	804971	1
primary	GCF_000507225.1	C/TW-3	PSD2_primary	PSD2_R	R	20	EXACT	0		0	0	NC_023060.1	-	805146	805165	1
primary	GCF_000507225.1	C/TW-3	PSD2_primary	PSD2_probe	probe	22	EXACT	0		0	0	NC_023060.1	+	805100	805121	1
primary	GCF_000507225.1	C/TW-3	PSD2_alt1	PSD2_alt1_F	F	20	EXACT	0		0	0	NC_023060.1	+	804535	804554	1
primary	GCF_000507225.1	C/TW-3	PSD2_alt1	PSD2_alt1_R	R	19	EXACT	0		0	0	NC_023060.1	-	804598	804616	1
primary	GCF_000507225.1	C/TW-3	PSD2_alt1	PSD2_alt1_probe	probe	28	EXACT	0		0	0	NC_023060.1	+	804570	804597	1
primary	GCF_000507225.1	C/TW-3	group_306	group_306_F	F	20	EXACT	0		0	0	NC_023060.1	-	1017343	1017362	1
primary	GCF_000507225.1	C/TW-3	group_306	group_306_R	R	20	EXACT	0		0	0	NC_023060.1	+	1017273	1017292	1
primary	GCF_000507225.1	C/TW-3	group_306	group_306_probe	probe	22	EXACT	0		0	0	NC_023060.1	-	1017295	1017316	1
primary	GCF_000590575.1	F/1-93	mutL	mutL_F	F	20	EXACT	0		0	0	NC_022117.1	-	648040	648059	1
primary	GCF_000590575.1	F/1-93	mutL	mutL_R	R	20	EXACT	0		0	0	NC_022117.1	+	647933	647952	1
primary	GCF_000590575.1	F/1-93	mutL	mutL_probe	probe	22	EXACT	0		0	0	NC_022117.1	-	647991	648012	2
primary	GCF_000590575.1	F/1-93	aroB_primary	aroB_F	F	20	EXACT	0		0	0	NC_022117.1	+	421508	421527	1
primary	GCF_000590575.1	F/1-93	aroB_primary	aroB_R	R	20	EXACT	0		0	0	NC_022117.1	-	421632	421651	1
primary	GCF_000590575.1	F/1-93	aroB_primary	aroB_probe	probe	25	EXACT	0		0	0	NC_022117.1	+	421598	421622	1
primary	GCF_000590575.1	F/1-93	aroB_alt1	aroB_alt1_F	F	19	EXACT	0		0	0	NC_022117.1	+	421157	421175	1
primary	GCF_000590575.1	F/1-93	aroB_alt1	aroB_alt1_R	R	20	EXACT	0		0	0	NC_022117.1	-	421238	421257	1
primary	GCF_000590575.1	F/1-93	aroB_alt1	aroB_alt1_probe	probe	27	EXACT	0		0	0	NC_022117.1	+	421176	421202	1
primary	GCF_000590575.1	F/1-93	aroB_alt2	aroB_alt2_F	F	21	EXACT	0		0	0	NC_022117.1	+	422133	422153	1
primary	GCF_000590575.1	F/1-93	aroB_alt2	aroB_alt2_R	R	20	EXACT	0		0	0	NC_022117.1	-	422195	422214	1
primary	GCF_000590575.1	F/1-93	aroB_alt2	aroB_alt2_probe	probe	25	EXACT	0		0	0	NC_022117.1	+	422165	422189	1
primary	GCF_000590575.1	F/1-93	PSD2_primary	PSD2_F	F	20	EXACT	0		0	0	NC_022117.1	+	802692	802711	1
primary	GCF_000590575.1	F/1-93	PSD2_primary	PSD2_R	R	20	EXACT	0		0	0	NC_022117.1	-	802886	802905	1
primary	GCF_000590575.1	F/1-93	PSD2_primary	PSD2_probe	probe	22	EXACT	0		0	0	NC_022117.1	+	802840	802861	1
primary	GCF_000590575.1	F/1-93	PSD2_alt1	PSD2_alt1_F	F	20	EXACT	0		0	0	NC_022117.1	+	802275	802294	1
primary	GCF_000590575.1	F/1-93	PSD2_alt1	PSD2_alt1_R	R	19	EXACT	0		0	0	NC_022117.1	-	802338	802356	1
primary	GCF_000590575.1	F/1-93	PSD2_alt1	PSD2_alt1_probe	probe	28	EXACT	0		0	0	NC_022117.1	+	802310	802337	1
primary	GCF_000590575.1	F/1-93	group_306	group_306_F	F	20	EXACT	0		0	0	NC_022117.1	-	1015231	1015250	1
primary	GCF_000590575.1	F/1-93	group_306	group_306_R	R	20	EXACT	0		0	0	NC_022117.1	+	1015161	1015180	1
primary	GCF_000590575.1	F/1-93	group_306	group_306_probe	probe	22	EXACT	0		0	0	NC_022117.1	-	1015183	1015204	1
primary	GCF_000590615.1	F/6-94	mutL	mutL_F	F	20	EXACT	0		0	0	NC_022118.1	-	648196	648215	1
primary	GCF_000590615.1	F/6-94	mutL	mutL_R	R	20	EXACT	0		0	0	NC_022118.1	+	648089	648108	1
primary	GCF_000590615.1	F/6-94	mutL	mutL_probe	probe	22	EXACT	0		0	0	NC_022118.1	-	648147	648168	2
primary	GCF_000590615.1	F/6-94	aroB_primary	aroB_F	F	20	EXACT	0		0	0	NC_022118.1	+	421452	421471	1
primary	GCF_000590615.1	F/6-94	aroB_primary	aroB_R	R	20	EXACT	0		0	0	NC_022118.1	-	421576	421595	1
primary	GCF_000590615.1	F/6-94	aroB_primary	aroB_probe	probe	25	EXACT	0		0	0	NC_022118.1	+	421542	421566	1
primary	GCF_000590615.1	F/6-94	aroB_alt1	aroB_alt1_F	F	19	EXACT	0		0	0	NC_022118.1	+	421101	421119	1
primary	GCF_000590615.1	F/6-94	aroB_alt1	aroB_alt1_R	R	20	EXACT	0		0	0	NC_022118.1	-	421182	421201	1
primary	GCF_000590615.1	F/6-94	aroB_alt1	aroB_alt1_probe	probe	27	EXACT	0		0	0	NC_022118.1	+	421120	421146	1
primary	GCF_000590615.1	F/6-94	aroB_alt2	aroB_alt2_F	F	21	EXACT	0		0	0	NC_022118.1	+	422077	422097	1
primary	GCF_000590615.1	F/6-94	aroB_alt2	aroB_alt2_R	R	20	EXACT	0		0	0	NC_022118.1	-	422139	422158	1
primary	GCF_000590615.1	F/6-94	aroB_alt2	aroB_alt2_probe	probe	25	EXACT	0		0	0	NC_022118.1	+	422109	422133	1
primary	GCF_000590615.1	F/6-94	PSD2_primary	PSD2_F	F	20	EXACT	0		0	0	NC_022118.1	+	802857	802876	1
primary	GCF_000590615.1	F/6-94	PSD2_primary	PSD2_R	R	20	EXACT	0		0	0	NC_022118.1	-	803051	803070	1
primary	GCF_000590615.1	F/6-94	PSD2_primary	PSD2_probe	probe	22	EXACT	0		0	0	NC_022118.1	+	803005	803026	1
primary	GCF_000590615.1	F/6-94	PSD2_alt1	PSD2_alt1_F	F	20	EXACT	0		0	0	NC_022118.1	+	802440	802459	1
primary	GCF_000590615.1	F/6-94	PSD2_alt1	PSD2_alt1_R	R	19	EXACT	0		0	0	NC_022118.1	-	802503	802521	1
primary	GCF_000590615.1	F/6-94	PSD2_alt1	PSD2_alt1_probe	probe	28	EXACT	0		0	0	NC_022118.1	+	802475	802502	1
primary	GCF_000590615.1	F/6-94	group_306	group_306_F	F	20	EXACT	0		0	0	NC_022118.1	-	1015418	1015437	1
primary	GCF_000590615.1	F/6-94	group_306	group_306_R	R	20	EXACT	0		0	0	NC_022118.1	+	1015348	1015367	1
primary	GCF_000590615.1	F/6-94	group_306	group_306_probe	probe	22	EXACT	0		0	0	NC_022118.1	-	1015370	1015391	1
primary	GCF_000590635.1	F/11-96	mutL	mutL_F	F	20	EXACT	0		0	0	NC_022107.1	-	648287	648306	1
primary	GCF_000590635.1	F/11-96	mutL	mutL_R	R	20	EXACT	0		0	0	NC_022107.1	+	648180	648199	1
primary	GCF_000590635.1	F/11-96	mutL	mutL_probe	probe	22	EXACT	0		0	0	NC_022107.1	-	648238	648259	2
primary	GCF_000590635.1	F/11-96	aroB_primary	aroB_F	F	20	EXACT	0		0	0	NC_022107.1	+	421542	421561	1
primary	GCF_000590635.1	F/11-96	aroB_primary	aroB_R	R	20	EXACT	0		0	0	NC_022107.1	-	421666	421685	1
primary	GCF_000590635.1	F/11-96	aroB_primary	aroB_probe	probe	25	EXACT	0		0	0	NC_022107.1	+	421632	421656	1
primary	GCF_000590635.1	F/11-96	aroB_alt1	aroB_alt1_F	F	19	EXACT	0		0	0	NC_022107.1	+	421191	421209	1
primary	GCF_000590635.1	F/11-96	aroB_alt1	aroB_alt1_R	R	20	EXACT	0		0	0	NC_022107.1	-	421272	421291	1
primary	GCF_000590635.1	F/11-96	aroB_alt1	aroB_alt1_probe	probe	27	EXACT	0		0	0	NC_022107.1	+	421210	421236	1
primary	GCF_000590635.1	F/11-96	aroB_alt2	aroB_alt2_F	F	21	EXACT	0		0	0	NC_022107.1	+	422167	422187	1
primary	GCF_000590635.1	F/11-96	aroB_alt2	aroB_alt2_R	R	20	EXACT	0		0	0	NC_022107.1	-	422229	422248	1
primary	GCF_000590635.1	F/11-96	aroB_alt2	aroB_alt2_probe	probe	25	EXACT	0		0	0	NC_022107.1	+	422199	422223	1
primary	GCF_000590635.1	F/11-96	PSD2_primary	PSD2_F	F	20	EXACT	0		0	0	NC_022107.1	+	802945	802964	1
primary	GCF_000590635.1	F/11-96	PSD2_primary	PSD2_R	R	20	EXACT	0		0	0	NC_022107.1	-	803139	803158	1
primary	GCF_000590635.1	F/11-96	PSD2_primary	PSD2_probe	probe	22	EXACT	0		0	0	NC_022107.1	+	803093	803114	1
primary	GCF_000590635.1	F/11-96	PSD2_alt1	PSD2_alt1_F	F	20	EXACT	0		0	0	NC_022107.1	+	802528	802547	1
primary	GCF_000590635.1	F/11-96	PSD2_alt1	PSD2_alt1_R	R	19	EXACT	0		0	0	NC_022107.1	-	802591	802609	1
primary	GCF_000590635.1	F/11-96	PSD2_alt1	PSD2_alt1_probe	probe	28	EXACT	0		0	0	NC_022107.1	+	802563	802590	1
primary	GCF_000590635.1	F/11-96	group_306	group_306_F	F	20	EXACT	0		0	0	NC_022107.1	-	1015505	1015524	1
primary	GCF_000590635.1	F/11-96	group_306	group_306_R	R	20	EXACT	0		0	0	NC_022107.1	+	1015435	1015454	1
primary	GCF_000590635.1	F/11-96	group_306	group_306_probe	probe	22	EXACT	0		0	0	NC_022107.1	-	1015457	1015478	1
primary	GCF_000590675.1	D/13-96	mutL	mutL_F	F	20	EXACT	0		0	0	NC_022119.1	-	648194	648213	1
primary	GCF_000590675.1	D/13-96	mutL	mutL_R	R	20	EXACT	0		0	0	NC_022119.1	+	648087	648106	1
primary	GCF_000590675.1	D/13-96	mutL	mutL_probe	probe	22	EXACT	0		0	0	NC_022119.1	-	648145	648166	2
primary	GCF_000590675.1	D/13-96	aroB_primary	aroB_F	F	20	EXACT	0		0	0	NC_022119.1	+	421450	421469	1
primary	GCF_000590675.1	D/13-96	aroB_primary	aroB_R	R	20	EXACT	0		0	0	NC_022119.1	-	421574	421593	1
primary	GCF_000590675.1	D/13-96	aroB_primary	aroB_probe	probe	25	EXACT	0		0	0	NC_022119.1	+	421540	421564	1
primary	GCF_000590675.1	D/13-96	aroB_alt1	aroB_alt1_F	F	19	EXACT	0		0	0	NC_022119.1	+	421099	421117	1
primary	GCF_000590675.1	D/13-96	aroB_alt1	aroB_alt1_R	R	20	EXACT	0		0	0	NC_022119.1	-	421180	421199	1
primary	GCF_000590675.1	D/13-96	aroB_alt1	aroB_alt1_probe	probe	27	EXACT	0		0	0	NC_022119.1	+	421118	421144	1
primary	GCF_000590675.1	D/13-96	aroB_alt2	aroB_alt2_F	F	21	EXACT	0		0	0	NC_022119.1	+	422075	422095	1
primary	GCF_000590675.1	D/13-96	aroB_alt2	aroB_alt2_R	R	20	EXACT	0		0	0	NC_022119.1	-	422137	422156	1
primary	GCF_000590675.1	D/13-96	aroB_alt2	aroB_alt2_probe	probe	25	EXACT	0		0	0	NC_022119.1	+	422107	422131	1
primary	GCF_000590675.1	D/13-96	PSD2_primary	PSD2_F	F	20	EXACT	0		0	0	NC_022119.1	+	802843	802862	1
primary	GCF_000590675.1	D/13-96	PSD2_primary	PSD2_R	R	20	EXACT	0		0	0	NC_022119.1	-	803037	803056	1
primary	GCF_000590675.1	D/13-96	PSD2_primary	PSD2_probe	probe	22	EXACT	0		0	0	NC_022119.1	+	802991	803012	1
primary	GCF_000590675.1	D/13-96	PSD2_alt1	PSD2_alt1_F	F	20	EXACT	0		0	0	NC_022119.1	+	802426	802445	1
primary	GCF_000590675.1	D/13-96	PSD2_alt1	PSD2_alt1_R	R	19	EXACT	0		0	0	NC_022119.1	-	802489	802507	1
primary	GCF_000590675.1	D/13-96	PSD2_alt1	PSD2_alt1_probe	probe	28	EXACT	0		0	0	NC_022119.1	+	802461	802488	1
primary	GCF_000590675.1	D/13-96	group_306	group_306_F	F	20	EXACT	0		0	0	NC_022119.1	-	1015403	1015422	1
primary	GCF_000590675.1	D/13-96	group_306	group_306_R	R	20	EXACT	0		0	0	NC_022119.1	+	1015333	1015352	1
primary	GCF_000590675.1	D/13-96	group_306	group_306_probe	probe	22	EXACT	0		0	0	NC_022119.1	-	1015355	1015376	1
primary	GCF_000590755.1	J/31-98	mutL	mutL_F	F	20	EXACT	0		0	0	NC_022121.1	-	648658	648677	1
primary	GCF_000590755.1	J/31-98	mutL	mutL_R	R	20	EXACT	0		0	0	NC_022121.1	+	648551	648570	1
primary	GCF_000590755.1	J/31-98	mutL	mutL_probe	probe	22	EXACT	0		0	0	NC_022121.1	-	648609	648630	1
primary	GCF_000590755.1	J/31-98	aroB_primary	aroB_F	F	20	EXACT	0		0	0	NC_022121.1	+	421958	421977	1
primary	GCF_000590755.1	J/31-98	aroB_primary	aroB_R	R	20	EXACT	0		0	0	NC_022121.1	-	422082	422101	1
primary	GCF_000590755.1	J/31-98	aroB_primary	aroB_probe	probe	25	EXACT	0		0	0	NC_022121.1	+	422048	422072	1
primary	GCF_000590755.1	J/31-98	aroB_alt1	aroB_alt1_F	F	19	EXACT	0		0	0	NC_022121.1	+	421607	421625	1
primary	GCF_000590755.1	J/31-98	aroB_alt1	aroB_alt1_R	R	20	EXACT	0		0	0	NC_022121.1	-	421688	421707	1
primary	GCF_000590755.1	J/31-98	aroB_alt1	aroB_alt1_probe	probe	27	EXACT	0		0	0	NC_022121.1	+	421626	421652	1
primary	GCF_000590755.1	J/31-98	aroB_alt2	aroB_alt2_F	F	21	EXACT	0		0	0	NC_022121.1	+	422583	422603	1
primary	GCF_000590755.1	J/31-98	aroB_alt2	aroB_alt2_R	R	20	EXACT	0		0	0	NC_022121.1	-	422645	422664	1
primary	GCF_000590755.1	J/31-98	aroB_alt2	aroB_alt2_probe	probe	25	EXACT	0		0	0	NC_022121.1	+	422615	422639	1
primary	GCF_000590755.1	J/31-98	PSD2_primary	PSD2_F	F	20	EXACT	0		0	0	NC_022121.1	+	803341	803360	1
primary	GCF_000590755.1	J/31-98	PSD2_primary	PSD2_R	R	20	EXACT	0		0	0	NC_022121.1	-	803535	803554	1
primary	GCF_000590755.1	J/31-98	PSD2_primary	PSD2_probe	probe	22	EXACT	0		0	0	NC_022121.1	+	803489	803510	1
primary	GCF_000590755.1	J/31-98	PSD2_alt1	PSD2_alt1_F	F	20	EXACT	0		0	0	NC_022121.1	+	802924	802943	1
primary	GCF_000590755.1	J/31-98	PSD2_alt1	PSD2_alt1_R	R	19	EXACT	0		0	0	NC_022121.1	-	802987	803005	1
primary	GCF_000590755.1	J/31-98	PSD2_alt1	PSD2_alt1_probe	probe	28	EXACT	0		0	0	NC_022121.1	+	802959	802986	1
primary	GCF_000590755.1	J/31-98	group_306	group_306_F	F	20	EXACT	0		0	0	NC_022121.1	-	1015851	1015870	1
primary	GCF_000590755.1	J/31-98	group_306	group_306_R	R	20	EXACT	0		0	0	NC_022121.1	+	1015781	1015800	1
primary	GCF_000590755.1	J/31-98	group_306	group_306_probe	probe	22	EXACT	0		0	0	NC_022121.1	-	1015803	1015824	1
primary	GCF_000971705.1	L2b/CS19/08	mutL	mutL_F	F	20	EXACT	0		0	0	NZ_CP009923.1	-	966614	966633	1
primary	GCF_000971705.1	L2b/CS19/08	mutL	mutL_R	R	20	EXACT	0		0	0	NZ_CP009923.1	+	966507	966526	1
primary	GCF_000971705.1	L2b/CS19/08	mutL	mutL_probe	probe	22	EXACT	0		0	0	NZ_CP009923.1	-	966565	966586	1
primary	GCF_000971705.1	L2b/CS19/08	aroB_primary	aroB_F	F	20	EXACT	0		0	0	NZ_CP009923.1	+	739917	739936	1
primary	GCF_000971705.1	L2b/CS19/08	aroB_primary	aroB_R	R	20	EXACT	0		0	0	NZ_CP009923.1	-	740041	740060	1
primary	GCF_000971705.1	L2b/CS19/08	aroB_primary	aroB_probe	probe	25	EXACT	0		0	0	NZ_CP009923.1	+	740007	740031	1
primary	GCF_000971705.1	L2b/CS19/08	aroB_alt1	aroB_alt1_F	F	19	EXACT	0		0	0	NZ_CP009923.1	+	739566	739584	1
primary	GCF_000971705.1	L2b/CS19/08	aroB_alt1	aroB_alt1_R	R	20	EXACT	0		0	0	NZ_CP009923.1	-	739647	739666	1
primary	GCF_000971705.1	L2b/CS19/08	aroB_alt1	aroB_alt1_probe	probe	27	EXACT	0		0	0	NZ_CP009923.1	+	739585	739611	1
primary	GCF_000971705.1	L2b/CS19/08	aroB_alt2	aroB_alt2_F	F	21	EXACT	0		0	0	NZ_CP009923.1	+	740542	740562	1
primary	GCF_000971705.1	L2b/CS19/08	aroB_alt2	aroB_alt2_R	R	20	EXACT	0		0	0	NZ_CP009923.1	-	740604	740623	1
primary	GCF_000971705.1	L2b/CS19/08	aroB_alt2	aroB_alt2_probe	probe	25	EXACT	0		0	0	NZ_CP009923.1	+	740574	740598	1
primary	GCF_000971705.1	L2b/CS19/08	PSD2_primary	PSD2_F	F	20	EXACT	0		0	0	NZ_CP009923.1	+	82408	82427	1
primary	GCF_000971705.1	L2b/CS19/08	PSD2_primary	PSD2_R	R	20	EXACT	0		0	0	NZ_CP009923.1	-	82602	82621	1
primary	GCF_000971705.1	L2b/CS19/08	PSD2_primary	PSD2_probe	probe	22	EXACT	0		0	0	NZ_CP009923.1	+	82556	82577	1
primary	GCF_000971705.1	L2b/CS19/08	PSD2_alt1	PSD2_alt1_F	F	20	EXACT	0		0	0	NZ_CP009923.1	+	81991	82010	1
primary	GCF_000971705.1	L2b/CS19/08	PSD2_alt1	PSD2_alt1_R	R	19	EXACT	0		0	0	NZ_CP009923.1	-	82054	82072	1
primary	GCF_000971705.1	L2b/CS19/08	PSD2_alt1	PSD2_alt1_probe	probe	28	EXACT	0		0	0	NZ_CP009923.1	+	82026	82053	1
primary	GCF_000971705.1	L2b/CS19/08	group_306	group_306_F	F	20	EXACT	0		0	0	NZ_CP009923.1	-	294944	294963	1
primary	GCF_000971705.1	L2b/CS19/08	group_306	group_306_R	R	20	EXACT	0		0	0	NZ_CP009923.1	+	294874	294893	1
primary	GCF_000971705.1	L2b/CS19/08	group_306	group_306_probe	probe	22	EXACT	0		0	0	NZ_CP009923.1	-	294896	294917	1
primary	GCF_000971725.1	L2b/CS784/08	mutL	mutL_F	F	20	EXACT	0		0	0	NZ_CP009925.1	-	966614	966633	1
primary	GCF_000971725.1	L2b/CS784/08	mutL	mutL_R	R	20	EXACT	0		0	0	NZ_CP009925.1	+	966507	966526	1
primary	GCF_000971725.1	L2b/CS784/08	mutL	mutL_probe	probe	22	EXACT	0		0	0	NZ_CP009925.1	-	966565	966586	1
primary	GCF_000971725.1	L2b/CS784/08	aroB_primary	aroB_F	F	20	EXACT	0		0	0	NZ_CP009925.1	+	739917	739936	1
primary	GCF_000971725.1	L2b/CS784/08	aroB_primary	aroB_R	R	20	EXACT	0		0	0	NZ_CP009925.1	-	740041	740060	1
primary	GCF_000971725.1	L2b/CS784/08	aroB_primary	aroB_probe	probe	25	EXACT	0		0	0	NZ_CP009925.1	+	740007	740031	1
primary	GCF_000971725.1	L2b/CS784/08	aroB_alt1	aroB_alt1_F	F	19	EXACT	0		0	0	NZ_CP009925.1	+	739566	739584	1
primary	GCF_000971725.1	L2b/CS784/08	aroB_alt1	aroB_alt1_R	R	20	EXACT	0		0	0	NZ_CP009925.1	-	739647	739666	1
primary	GCF_000971725.1	L2b/CS784/08	aroB_alt1	aroB_alt1_probe	probe	27	EXACT	0		0	0	NZ_CP009925.1	+	739585	739611	1
primary	GCF_000971725.1	L2b/CS784/08	aroB_alt2	aroB_alt2_F	F	21	EXACT	0		0	0	NZ_CP009925.1	+	740542	740562	1
primary	GCF_000971725.1	L2b/CS784/08	aroB_alt2	aroB_alt2_R	R	20	EXACT	0		0	0	NZ_CP009925.1	-	740604	740623	1
primary	GCF_000971725.1	L2b/CS784/08	aroB_alt2	aroB_alt2_probe	probe	25	EXACT	0		0	0	NZ_CP009925.1	+	740574	740598	1
primary	GCF_000971725.1	L2b/CS784/08	PSD2_primary	PSD2_F	F	20	EXACT	0		0	0	NZ_CP009925.1	+	82408	82427	1
primary	GCF_000971725.1	L2b/CS784/08	PSD2_primary	PSD2_R	R	20	EXACT	0		0	0	NZ_CP009925.1	-	82602	82621	1
primary	GCF_000971725.1	L2b/CS784/08	PSD2_primary	PSD2_probe	probe	22	EXACT	0		0	0	NZ_CP009925.1	+	82556	82577	1
primary	GCF_000971725.1	L2b/CS784/08	PSD2_alt1	PSD2_alt1_F	F	20	EXACT	0		0	0	NZ_CP009925.1	+	81991	82010	1
primary	GCF_000971725.1	L2b/CS784/08	PSD2_alt1	PSD2_alt1_R	R	19	EXACT	0		0	0	NZ_CP009925.1	-	82054	82072	1
primary	GCF_000971725.1	L2b/CS784/08	PSD2_alt1	PSD2_alt1_probe	probe	28	EXACT	0		0	0	NZ_CP009925.1	+	82026	82053	1
primary	GCF_000971725.1	L2b/CS784/08	group_306	group_306_F	F	20	EXACT	0		0	0	NZ_CP009925.1	-	294944	294963	1
primary	GCF_000971725.1	L2b/CS784/08	group_306	group_306_R	R	20	EXACT	0		0	0	NZ_CP009925.1	+	294874	294893	1
primary	GCF_000971725.1	L2b/CS784/08	group_306	group_306_probe	probe	22	EXACT	0		0	0	NZ_CP009925.1	-	294896	294917	1
primary	GCF_001655335.1	E-103	mutL	mutL_F	F	20	EXACT	0		0	0	NZ_CP015294.1	-	648429	648448	1
primary	GCF_001655335.1	E-103	mutL	mutL_R	R	20	EXACT	0		0	0	NZ_CP015294.1	+	648322	648341	1
primary	GCF_001655335.1	E-103	mutL	mutL_probe	probe	22	EXACT	0		0	0	NZ_CP015294.1	-	648380	648401	2
primary	GCF_001655335.1	E-103	aroB_primary	aroB_F	F	20	EXACT	0		0	0	NZ_CP015294.1	+	421828	421847	1
primary	GCF_001655335.1	E-103	aroB_primary	aroB_R	R	20	EXACT	0		0	0	NZ_CP015294.1	-	421952	421971	1
primary	GCF_001655335.1	E-103	aroB_primary	aroB_probe	probe	25	EXACT	0		0	0	NZ_CP015294.1	+	421918	421942	1
primary	GCF_001655335.1	E-103	aroB_alt1	aroB_alt1_F	F	19	EXACT	0		0	0	NZ_CP015294.1	+	421477	421495	1
primary	GCF_001655335.1	E-103	aroB_alt1	aroB_alt1_R	R	20	EXACT	0		0	0	NZ_CP015294.1	-	421558	421577	1
primary	GCF_001655335.1	E-103	aroB_alt1	aroB_alt1_probe	probe	27	EXACT	0		0	0	NZ_CP015294.1	+	421496	421522	1
primary	GCF_001655335.1	E-103	aroB_alt2	aroB_alt2_F	F	21	EXACT	0		0	0	NZ_CP015294.1	+	422453	422473	1
primary	GCF_001655335.1	E-103	aroB_alt2	aroB_alt2_R	R	20	EXACT	0		0	0	NZ_CP015294.1	-	422515	422534	1
primary	GCF_001655335.1	E-103	aroB_alt2	aroB_alt2_probe	probe	25	EXACT	0		0	0	NZ_CP015294.1	+	422485	422509	1
primary	GCF_001655335.1	E-103	PSD2_primary	PSD2_F	F	20	EXACT	0		0	0	NZ_CP015294.1	+	803103	803122	1
primary	GCF_001655335.1	E-103	PSD2_primary	PSD2_R	R	20	EXACT	0		0	0	NZ_CP015294.1	-	803297	803316	1
primary	GCF_001655335.1	E-103	PSD2_primary	PSD2_probe	probe	22	EXACT	0		0	0	NZ_CP015294.1	+	803251	803272	1
primary	GCF_001655335.1	E-103	PSD2_alt1	PSD2_alt1_F	F	20	EXACT	0		0	0	NZ_CP015294.1	+	802686	802705	1
primary	GCF_001655335.1	E-103	PSD2_alt1	PSD2_alt1_R	R	19	EXACT	0		0	0	NZ_CP015294.1	-	802749	802767	1
primary	GCF_001655335.1	E-103	PSD2_alt1	PSD2_alt1_probe	probe	28	EXACT	0		0	0	NZ_CP015294.1	+	802721	802748	1
primary	GCF_001655335.1	E-103	group_306	group_306_F	F	20	EXACT	0		0	0	NZ_CP015294.1	-	1015664	1015683	1
primary	GCF_001655335.1	E-103	group_306	group_306_R	R	20	EXACT	0		0	0	NZ_CP015294.1	+	1015594	1015613	1
primary	GCF_001655335.1	E-103	group_306	group_306_probe	probe	22	EXACT	0		0	0	NZ_CP015294.1	-	1015616	1015637	1
primary	GCF_001655375.1	E-160	mutL	mutL_F	F	20	EXACT	0		0	0	NZ_CP015296.1	-	648425	648444	1
primary	GCF_001655375.1	E-160	mutL	mutL_R	R	20	EXACT	0		0	0	NZ_CP015296.1	+	648318	648337	1
primary	GCF_001655375.1	E-160	mutL	mutL_probe	probe	22	EXACT	0		0	0	NZ_CP015296.1	-	648376	648397	2
primary	GCF_001655375.1	E-160	aroB_primary	aroB_F	F	20	EXACT	0		0	0	NZ_CP015296.1	+	421820	421839	1
primary	GCF_001655375.1	E-160	aroB_primary	aroB_R	R	20	EXACT	0		0	0	NZ_CP015296.1	-	421944	421963	1
primary	GCF_001655375.1	E-160	aroB_primary	aroB_probe	probe	25	EXACT	0		0	0	NZ_CP015296.1	+	421910	421934	1
primary	GCF_001655375.1	E-160	aroB_alt1	aroB_alt1_F	F	19	EXACT	0		0	0	NZ_CP015296.1	+	421469	421487	1
primary	GCF_001655375.1	E-160	aroB_alt1	aroB_alt1_R	R	20	EXACT	0		0	0	NZ_CP015296.1	-	421550	421569	1
primary	GCF_001655375.1	E-160	aroB_alt1	aroB_alt1_probe	probe	27	EXACT	0		0	0	NZ_CP015296.1	+	421488	421514	1
primary	GCF_001655375.1	E-160	aroB_alt2	aroB_alt2_F	F	21	EXACT	0		0	0	NZ_CP015296.1	+	422445	422465	1
primary	GCF_001655375.1	E-160	aroB_alt2	aroB_alt2_R	R	20	EXACT	0		0	0	NZ_CP015296.1	-	422507	422526	1
primary	GCF_001655375.1	E-160	aroB_alt2	aroB_alt2_probe	probe	25	EXACT	0		0	0	NZ_CP015296.1	+	422477	422501	1
primary	GCF_001655375.1	E-160	PSD2_primary	PSD2_F	F	20	EXACT	0		0	0	NZ_CP015296.1	+	803099	803118	1
primary	GCF_001655375.1	E-160	PSD2_primary	PSD2_R	R	20	EXACT	0		0	0	NZ_CP015296.1	-	803293	803312	1
primary	GCF_001655375.1	E-160	PSD2_primary	PSD2_probe	probe	22	EXACT	0		0	0	NZ_CP015296.1	+	803247	803268	1
primary	GCF_001655375.1	E-160	PSD2_alt1	PSD2_alt1_F	F	20	EXACT	0		0	0	NZ_CP015296.1	+	802682	802701	1
primary	GCF_001655375.1	E-160	PSD2_alt1	PSD2_alt1_R	R	19	EXACT	0		0	0	NZ_CP015296.1	-	802745	802763	1
primary	GCF_001655375.1	E-160	PSD2_alt1	PSD2_alt1_probe	probe	28	EXACT	0		0	0	NZ_CP015296.1	+	802717	802744	1
primary	GCF_001655375.1	E-160	group_306	group_306_F	F	20	EXACT	0		0	0	NZ_CP015296.1	-	1015659	1015678	1
primary	GCF_001655375.1	E-160	group_306	group_306_R	R	20	EXACT	0		0	0	NZ_CP015296.1	+	1015589	1015608	1
primary	GCF_001655375.1	E-160	group_306	group_306_probe	probe	22	EXACT	0		0	0	NZ_CP015296.1	-	1015611	1015632	1
primary	GCF_001655415.1	E-547	mutL	mutL_F	F	20	EXACT	0		0	0	NZ_CP015298.1	-	648421	648440	1
primary	GCF_001655415.1	E-547	mutL	mutL_R	R	20	EXACT	0		0	0	NZ_CP015298.1	+	648314	648333	1
primary	GCF_001655415.1	E-547	mutL	mutL_probe	probe	22	EXACT	0		0	0	NZ_CP015298.1	-	648372	648393	2
primary	GCF_001655415.1	E-547	aroB_primary	aroB_F	F	20	EXACT	0		0	0	NZ_CP015298.1	+	421820	421839	1
primary	GCF_001655415.1	E-547	aroB_primary	aroB_R	R	20	EXACT	0		0	0	NZ_CP015298.1	-	421944	421963	1
primary	GCF_001655415.1	E-547	aroB_primary	aroB_probe	probe	25	EXACT	0		0	0	NZ_CP015298.1	+	421910	421934	1
primary	GCF_001655415.1	E-547	aroB_alt1	aroB_alt1_F	F	19	EXACT	0		0	0	NZ_CP015298.1	+	421469	421487	1
primary	GCF_001655415.1	E-547	aroB_alt1	aroB_alt1_R	R	20	EXACT	0		0	0	NZ_CP015298.1	-	421550	421569	1
primary	GCF_001655415.1	E-547	aroB_alt1	aroB_alt1_probe	probe	27	EXACT	0		0	0	NZ_CP015298.1	+	421488	421514	1
primary	GCF_001655415.1	E-547	aroB_alt2	aroB_alt2_F	F	21	EXACT	0		0	0	NZ_CP015298.1	+	422445	422465	1
primary	GCF_001655415.1	E-547	aroB_alt2	aroB_alt2_R	R	20	EXACT	0		0	0	NZ_CP015298.1	-	422507	422526	1
primary	GCF_001655415.1	E-547	aroB_alt2	aroB_alt2_probe	probe	25	EXACT	0		0	0	NZ_CP015298.1	+	422477	422501	1
primary	GCF_001655415.1	E-547	PSD2_primary	PSD2_F	F	20	EXACT	0		0	0	NZ_CP015298.1	+	803095	803114	1
primary	GCF_001655415.1	E-547	PSD2_primary	PSD2_R	R	20	EXACT	0		0	0	NZ_CP015298.1	-	803289	803308	1
primary	GCF_001655415.1	E-547	PSD2_primary	PSD2_probe	probe	22	EXACT	0		0	0	NZ_CP015298.1	+	803243	803264	1
primary	GCF_001655415.1	E-547	PSD2_alt1	PSD2_alt1_F	F	20	EXACT	0		0	0	NZ_CP015298.1	+	802678	802697	1
primary	GCF_001655415.1	E-547	PSD2_alt1	PSD2_alt1_R	R	19	EXACT	0		0	0	NZ_CP015298.1	-	802741	802759	1
primary	GCF_001655415.1	E-547	PSD2_alt1	PSD2_alt1_probe	probe	28	EXACT	0		0	0	NZ_CP015298.1	+	802713	802740	1
primary	GCF_001655415.1	E-547	group_306	group_306_F	F	20	EXACT	0		0	0	NZ_CP015298.1	-	1015655	1015674	1
primary	GCF_001655415.1	E-547	group_306	group_306_R	R	20	EXACT	0		0	0	NZ_CP015298.1	+	1015585	1015604	1
primary	GCF_001655415.1	E-547	group_306	group_306_probe	probe	22	EXACT	0		0	0	NZ_CP015298.1	-	1015607	1015628	1
primary	GCF_001655455.1	E-8873	mutL	mutL_F	F	20	EXACT	0		0	0	NZ_CP015300.1	-	648135	648154	1
primary	GCF_001655455.1	E-8873	mutL	mutL_R	R	20	EXACT	0		0	0	NZ_CP015300.1	+	648028	648047	1
primary	GCF_001655455.1	E-8873	mutL	mutL_probe	probe	22	EXACT	0		0	0	NZ_CP015300.1	-	648086	648107	2
primary	GCF_001655455.1	E-8873	aroB_primary	aroB_F	F	20	EXACT	0		0	0	NZ_CP015300.1	+	421535	421554	1
primary	GCF_001655455.1	E-8873	aroB_primary	aroB_R	R	20	EXACT	0		0	0	NZ_CP015300.1	-	421659	421678	1
primary	GCF_001655455.1	E-8873	aroB_primary	aroB_probe	probe	25	EXACT	0		0	0	NZ_CP015300.1	+	421625	421649	1
primary	GCF_001655455.1	E-8873	aroB_alt1	aroB_alt1_F	F	19	EXACT	0		0	0	NZ_CP015300.1	+	421184	421202	1
primary	GCF_001655455.1	E-8873	aroB_alt1	aroB_alt1_R	R	20	EXACT	0		0	0	NZ_CP015300.1	-	421265	421284	1
primary	GCF_001655455.1	E-8873	aroB_alt1	aroB_alt1_probe	probe	27	EXACT	0		0	0	NZ_CP015300.1	+	421203	421229	1
primary	GCF_001655455.1	E-8873	aroB_alt2	aroB_alt2_F	F	21	EXACT	0		0	0	NZ_CP015300.1	+	422160	422180	1
primary	GCF_001655455.1	E-8873	aroB_alt2	aroB_alt2_R	R	20	EXACT	0		0	0	NZ_CP015300.1	-	422222	422241	1
primary	GCF_001655455.1	E-8873	aroB_alt2	aroB_alt2_probe	probe	25	EXACT	0		0	0	NZ_CP015300.1	+	422192	422216	1
primary	GCF_001655455.1	E-8873	PSD2_primary	PSD2_F	F	20	EXACT	0		0	0	NZ_CP015300.1	+	802808	802827	1
primary	GCF_001655455.1	E-8873	PSD2_primary	PSD2_R	R	20	EXACT	0		0	0	NZ_CP015300.1	-	803002	803021	1
primary	GCF_001655455.1	E-8873	PSD2_primary	PSD2_probe	probe	22	EXACT	0		0	0	NZ_CP015300.1	+	802956	802977	1
primary	GCF_001655455.1	E-8873	PSD2_alt1	PSD2_alt1_F	F	20	EXACT	0		0	0	NZ_CP015300.1	+	802391	802410	1
primary	GCF_001655455.1	E-8873	PSD2_alt1	PSD2_alt1_R	R	19	EXACT	0		0	0	NZ_CP015300.1	-	802454	802472	1
primary	GCF_001655455.1	E-8873	PSD2_alt1	PSD2_alt1_probe	probe	28	EXACT	0		0	0	NZ_CP015300.1	+	802426	802453	1
primary	GCF_001655455.1	E-8873	group_306	group_306_F	F	20	EXACT	0		0	0	NZ_CP015300.1	-	1015368	1015387	1
primary	GCF_001655455.1	E-8873	group_306	group_306_R	R	20	EXACT	0		0	0	NZ_CP015300.1	+	1015298	1015317	1
primary	GCF_001655455.1	E-8873	group_306	group_306_probe	probe	22	EXACT	0		0	0	NZ_CP015300.1	-	1015320	1015341	1
primary	GCF_001655495.1	E-32931	mutL	mutL_F	F	20	EXACT	0		0	0	NZ_CP015302.1	-	654335	654354	1
primary	GCF_001655495.1	E-32931	mutL	mutL_R	R	20	EXACT	0		0	0	NZ_CP015302.1	+	654228	654247	1
primary	GCF_001655495.1	E-32931	mutL	mutL_probe	probe	22	EXACT	0		0	0	NZ_CP015302.1	-	654286	654307	2
primary	GCF_001655495.1	E-32931	aroB_primary	aroB_F	F	20	EXACT	0		0	0	NZ_CP015302.1	+	427734	427753	1
primary	GCF_001655495.1	E-32931	aroB_primary	aroB_R	R	20	EXACT	0		0	0	NZ_CP015302.1	-	427858	427877	1
primary	GCF_001655495.1	E-32931	aroB_primary	aroB_probe	probe	25	EXACT	0		0	0	NZ_CP015302.1	+	427824	427848	1
primary	GCF_001655495.1	E-32931	aroB_alt1	aroB_alt1_F	F	19	EXACT	0		0	0	NZ_CP015302.1	+	427383	427401	1
primary	GCF_001655495.1	E-32931	aroB_alt1	aroB_alt1_R	R	20	EXACT	0		0	0	NZ_CP015302.1	-	427464	427483	1
primary	GCF_001655495.1	E-32931	aroB_alt1	aroB_alt1_probe	probe	27	EXACT	0		0	0	NZ_CP015302.1	+	427402	427428	1
primary	GCF_001655495.1	E-32931	aroB_alt2	aroB_alt2_F	F	21	EXACT	0		0	0	NZ_CP015302.1	+	428359	428379	1
primary	GCF_001655495.1	E-32931	aroB_alt2	aroB_alt2_R	R	20	EXACT	0		0	0	NZ_CP015302.1	-	428421	428440	1
primary	GCF_001655495.1	E-32931	aroB_alt2	aroB_alt2_probe	probe	25	EXACT	0		0	0	NZ_CP015302.1	+	428391	428415	1
primary	GCF_001655495.1	E-32931	PSD2_primary	PSD2_F	F	20	EXACT	0		0	0	NZ_CP015302.1	+	809009	809028	1
primary	GCF_001655495.1	E-32931	PSD2_primary	PSD2_R	R	20	EXACT	0		0	0	NZ_CP015302.1	-	809203	809222	1
primary	GCF_001655495.1	E-32931	PSD2_primary	PSD2_probe	probe	22	EXACT	0		0	0	NZ_CP015302.1	+	809157	809178	1
primary	GCF_001655495.1	E-32931	PSD2_alt1	PSD2_alt1_F	F	20	EXACT	0		0	0	NZ_CP015302.1	+	808592	808611	1
primary	GCF_001655495.1	E-32931	PSD2_alt1	PSD2_alt1_R	R	19	EXACT	0		0	0	NZ_CP015302.1	-	808655	808673	1
primary	GCF_001655495.1	E-32931	PSD2_alt1	PSD2_alt1_probe	probe	28	EXACT	0		0	0	NZ_CP015302.1	+	808627	808654	1
primary	GCF_001655495.1	E-32931	group_306	group_306_F	F	20	EXACT	0		0	0	NZ_CP015302.1	-	1021569	1021588	1
primary	GCF_001655495.1	E-32931	group_306	group_306_R	R	20	EXACT	0		0	0	NZ_CP015302.1	+	1021499	1021518	1
primary	GCF_001655495.1	E-32931	group_306	group_306_probe	probe	22	EXACT	0		0	0	NZ_CP015302.1	-	1021521	1021542	1
primary	GCF_001655535.1	E-DK-20	mutL	mutL_F	F	20	EXACT	0		0	0	NZ_CP015304.1	-	653452	653471	1
primary	GCF_001655535.1	E-DK-20	mutL	mutL_R	R	20	EXACT	0		0	0	NZ_CP015304.1	+	653345	653364	1
primary	GCF_001655535.1	E-DK-20	mutL	mutL_probe	probe	22	EXACT	0		0	0	NZ_CP015304.1	-	653403	653424	2
primary	GCF_001655535.1	E-DK-20	aroB_primary	aroB_F	F	20	EXACT	0		0	0	NZ_CP015304.1	+	426851	426870	1
primary	GCF_001655535.1	E-DK-20	aroB_primary	aroB_R	R	20	EXACT	0		0	0	NZ_CP015304.1	-	426975	426994	1
primary	GCF_001655535.1	E-DK-20	aroB_primary	aroB_probe	probe	25	EXACT	0		0	0	NZ_CP015304.1	+	426941	426965	1
primary	GCF_001655535.1	E-DK-20	aroB_alt1	aroB_alt1_F	F	19	EXACT	0		0	0	NZ_CP015304.1	+	426500	426518	1
primary	GCF_001655535.1	E-DK-20	aroB_alt1	aroB_alt1_R	R	20	EXACT	0		0	0	NZ_CP015304.1	-	426581	426600	1
primary	GCF_001655535.1	E-DK-20	aroB_alt1	aroB_alt1_probe	probe	27	EXACT	0		0	0	NZ_CP015304.1	+	426519	426545	1
primary	GCF_001655535.1	E-DK-20	aroB_alt2	aroB_alt2_F	F	21	EXACT	0		0	0	NZ_CP015304.1	+	427476	427496	1
primary	GCF_001655535.1	E-DK-20	aroB_alt2	aroB_alt2_R	R	20	EXACT	0		0	0	NZ_CP015304.1	-	427538	427557	1
primary	GCF_001655535.1	E-DK-20	aroB_alt2	aroB_alt2_probe	probe	25	EXACT	0		0	0	NZ_CP015304.1	+	427508	427532	1
primary	GCF_001655535.1	E-DK-20	PSD2_primary	PSD2_F	F	20	EXACT	0		0	0	NZ_CP015304.1	+	808126	808145	1
primary	GCF_001655535.1	E-DK-20	PSD2_primary	PSD2_R	R	20	EXACT	0		0	0	NZ_CP015304.1	-	808320	808339	1
primary	GCF_001655535.1	E-DK-20	PSD2_primary	PSD2_probe	probe	22	EXACT	0		0	0	NZ_CP015304.1	+	808274	808295	1
primary	GCF_001655535.1	E-DK-20	PSD2_alt1	PSD2_alt1_F	F	20	EXACT	0		0	0	NZ_CP015304.1	+	807709	807728	1
primary	GCF_001655535.1	E-DK-20	PSD2_alt1	PSD2_alt1_R	R	19	EXACT	0		0	0	NZ_CP015304.1	-	807772	807790	1
primary	GCF_001655535.1	E-DK-20	PSD2_alt1	PSD2_alt1_probe	probe	28	EXACT	0		0	0	NZ_CP015304.1	+	807744	807771	1
primary	GCF_001655535.1	E-DK-20	group_306	group_306_F	F	20	EXACT	0		0	0	NZ_CP015304.1	-	1020685	1020704	1
primary	GCF_001655535.1	E-DK-20	group_306	group_306_R	R	20	EXACT	0		0	0	NZ_CP015304.1	+	1020615	1020634	1
primary	GCF_001655535.1	E-DK-20	group_306	group_306_probe	probe	22	EXACT	0		0	0	NZ_CP015304.1	-	1020637	1020658	1
primary	GCF_001655575.1	F-6068	mutL	mutL_F	F	20	EXACT	0		0	0	NZ_CP015306.1	-	648171	648190	1
primary	GCF_001655575.1	F-6068	mutL	mutL_R	R	20	EXACT	0		0	0	NZ_CP015306.1	+	648064	648083	1
primary	GCF_001655575.1	F-6068	mutL	mutL_probe	probe	22	EXACT	0		0	0	NZ_CP015306.1	-	648122	648143	2
primary	GCF_001655575.1	F-6068	aroB_primary	aroB_F	F	20	EXACT	0		0	0	NZ_CP015306.1	+	421427	421446	1
primary	GCF_001655575.1	F-6068	aroB_primary	aroB_R	R	20	EXACT	0		0	0	NZ_CP015306.1	-	421551	421570	1
primary	GCF_001655575.1	F-6068	aroB_primary	aroB_probe	probe	25	EXACT	0		0	0	NZ_CP015306.1	+	421517	421541	1
primary	GCF_001655575.1	F-6068	aroB_alt1	aroB_alt1_F	F	19	EXACT	0		0	0	NZ_CP015306.1	+	421076	421094	1
primary	GCF_001655575.1	F-6068	aroB_alt1	aroB_alt1_R	R	20	EXACT	0		0	0	NZ_CP015306.1	-	421157	421176	1
primary	GCF_001655575.1	F-6068	aroB_alt1	aroB_alt1_probe	probe	27	EXACT	0		0	0	NZ_CP015306.1	+	421095	421121	1
primary	GCF_001655575.1	F-6068	aroB_alt2	aroB_alt2_F	F	21	EXACT	0		0	0	NZ_CP015306.1	+	422052	422072	1
primary	GCF_001655575.1	F-6068	aroB_alt2	aroB_alt2_R	R	20	EXACT	0		0	0	NZ_CP015306.1	-	422114	422133	1
primary	GCF_001655575.1	F-6068	aroB_alt2	aroB_alt2_probe	probe	25	EXACT	0		0	0	NZ_CP015306.1	+	422084	422108	1
primary	GCF_001655575.1	F-6068	PSD2_primary	PSD2_F	F	20	EXACT	0		0	0	NZ_CP015306.1	+	802829	802848	1
primary	GCF_001655575.1	F-6068	PSD2_primary	PSD2_R	R	20	EXACT	0		0	0	NZ_CP015306.1	-	803023	803042	1
primary	GCF_001655575.1	F-6068	PSD2_primary	PSD2_probe	probe	22	EXACT	0		0	0	NZ_CP015306.1	+	802977	802998	1
primary	GCF_001655575.1	F-6068	PSD2_alt1	PSD2_alt1_F	F	20	EXACT	0		0	0	NZ_CP015306.1	+	802412	802431	1
primary	GCF_001655575.1	F-6068	PSD2_alt1	PSD2_alt1_R	R	19	EXACT	0		0	0	NZ_CP015306.1	-	802475	802493	1
primary	GCF_001655575.1	F-6068	PSD2_alt1	PSD2_alt1_probe	probe	28	EXACT	0		0	0	NZ_CP015306.1	+	802447	802474	1
primary	GCF_001655575.1	F-6068	group_306	group_306_F	F	20	EXACT	0		0	0	NZ_CP015306.1	-	1015389	1015408	1
primary	GCF_001655575.1	F-6068	group_306	group_306_R	R	20	EXACT	0		0	0	NZ_CP015306.1	+	1015319	1015338	1
primary	GCF_001655575.1	F-6068	group_306	group_306_probe	probe	22	EXACT	0		0	0	NZ_CP015306.1	-	1015341	1015362	1
primary	GCF_002776745.1	SQ32	mutL	mutL_F	F	20	EXACT	0		0	0	NZ_CP017730.1	-	653139	653158	1
primary	GCF_002776745.1	SQ32	mutL	mutL_R	R	20	EXACT	0		0	0	NZ_CP017730.1	+	653032	653051	1
primary	GCF_002776745.1	SQ32	mutL	mutL_probe	probe	22	EXACT	0		0	0	NZ_CP017730.1	-	653090	653111	2
primary	GCF_002776745.1	SQ32	aroB_primary	aroB_F	F	20	EXACT	0		0	0	NZ_CP017730.1	+	426757	426776	1
primary	GCF_002776745.1	SQ32	aroB_primary	aroB_R	R	20	EXACT	0		0	0	NZ_CP017730.1	-	426881	426900	1
primary	GCF_002776745.1	SQ32	aroB_primary	aroB_probe	probe	25	EXACT	0		0	0	NZ_CP017730.1	+	426847	426871	1
primary	GCF_002776745.1	SQ32	aroB_alt1	aroB_alt1_F	F	19	EXACT	0		0	0	NZ_CP017730.1	+	426406	426424	1
primary	GCF_002776745.1	SQ32	aroB_alt1	aroB_alt1_R	R	20	EXACT	0		0	0	NZ_CP017730.1	-	426487	426506	1
primary	GCF_002776745.1	SQ32	aroB_alt1	aroB_alt1_probe	probe	27	EXACT	0		0	0	NZ_CP017730.1	+	426425	426451	1
primary	GCF_002776745.1	SQ32	aroB_alt2	aroB_alt2_F	F	21	EXACT	0		0	0	NZ_CP017730.1	+	427382	427402	1
primary	GCF_002776745.1	SQ32	aroB_alt2	aroB_alt2_R	R	20	EXACT	0		0	0	NZ_CP017730.1	-	427444	427463	1
primary	GCF_002776745.1	SQ32	aroB_alt2	aroB_alt2_probe	probe	25	EXACT	0		0	0	NZ_CP017730.1	+	427414	427438	1
primary	GCF_002776745.1	SQ32	PSD2_primary	PSD2_F	F	20	EXACT	0		0	0	NZ_CP017730.1	+	807807	807826	1
primary	GCF_002776745.1	SQ32	PSD2_primary	PSD2_R	R	20	EXACT	0		0	0	NZ_CP017730.1	-	808001	808020	1
primary	GCF_002776745.1	SQ32	PSD2_primary	PSD2_probe	probe	22	EXACT	0		0	0	NZ_CP017730.1	+	807955	807976	1
primary	GCF_002776745.1	SQ32	PSD2_alt1	PSD2_alt1_F	F	20	EXACT	0		0	0	NZ_CP017730.1	+	807390	807409	1
primary	GCF_002776745.1	SQ32	PSD2_alt1	PSD2_alt1_R	R	19	EXACT	0		0	0	NZ_CP017730.1	-	807453	807471	1
primary	GCF_002776745.1	SQ32	PSD2_alt1	PSD2_alt1_probe	probe	28	EXACT	0		0	0	NZ_CP017730.1	+	807425	807452	1
primary	GCF_002776745.1	SQ32	group_306	group_306_F	F	20	EXACT	0		0	0	NZ_CP017730.1	-	1020367	1020386	1
primary	GCF_002776745.1	SQ32	group_306	group_306_R	R	20	EXACT	0		0	0	NZ_CP017730.1	+	1020297	1020316	1
primary	GCF_002776745.1	SQ32	group_306	group_306_probe	probe	22	EXACT	0		0	0	NZ_CP017730.1	-	1020319	1020340	1
primary	GCF_002776795.1	SQ29	mutL	mutL_F	F	20	EXACT	0		0	0	NZ_CP017731.1	-	653139	653158	1
primary	GCF_002776795.1	SQ29	mutL	mutL_R	R	20	EXACT	0		0	0	NZ_CP017731.1	+	653032	653051	1
primary	GCF_002776795.1	SQ29	mutL	mutL_probe	probe	22	EXACT	0		0	0	NZ_CP017731.1	-	653090	653111	2
primary	GCF_002776795.1	SQ29	aroB_primary	aroB_F	F	20	EXACT	0		0	0	NZ_CP017731.1	+	426757	426776	1
primary	GCF_002776795.1	SQ29	aroB_primary	aroB_R	R	20	EXACT	0		0	0	NZ_CP017731.1	-	426881	426900	1
primary	GCF_002776795.1	SQ29	aroB_primary	aroB_probe	probe	25	EXACT	0		0	0	NZ_CP017731.1	+	426847	426871	1
primary	GCF_002776795.1	SQ29	aroB_alt1	aroB_alt1_F	F	19	EXACT	0		0	0	NZ_CP017731.1	+	426406	426424	1
primary	GCF_002776795.1	SQ29	aroB_alt1	aroB_alt1_R	R	20	EXACT	0		0	0	NZ_CP017731.1	-	426487	426506	1
primary	GCF_002776795.1	SQ29	aroB_alt1	aroB_alt1_probe	probe	27	EXACT	0		0	0	NZ_CP017731.1	+	426425	426451	1
primary	GCF_002776795.1	SQ29	aroB_alt2	aroB_alt2_F	F	21	EXACT	0		0	0	NZ_CP017731.1	+	427382	427402	1
primary	GCF_002776795.1	SQ29	aroB_alt2	aroB_alt2_R	R	20	EXACT	0		0	0	NZ_CP017731.1	-	427444	427463	1
primary	GCF_002776795.1	SQ29	aroB_alt2	aroB_alt2_probe	probe	25	EXACT	0		0	0	NZ_CP017731.1	+	427414	427438	1
primary	GCF_002776795.1	SQ29	PSD2_primary	PSD2_F	F	20	EXACT	0		0	0	NZ_CP017731.1	+	807807	807826	1
primary	GCF_002776795.1	SQ29	PSD2_primary	PSD2_R	R	20	EXACT	0		0	0	NZ_CP017731.1	-	808001	808020	1
primary	GCF_002776795.1	SQ29	PSD2_primary	PSD2_probe	probe	22	EXACT	0		0	0	NZ_CP017731.1	+	807955	807976	1
primary	GCF_002776795.1	SQ29	PSD2_alt1	PSD2_alt1_F	F	20	EXACT	0		0	0	NZ_CP017731.1	+	807390	807409	1
primary	GCF_002776795.1	SQ29	PSD2_alt1	PSD2_alt1_R	R	19	EXACT	0		0	0	NZ_CP017731.1	-	807453	807471	1
primary	GCF_002776795.1	SQ29	PSD2_alt1	PSD2_alt1_probe	probe	28	EXACT	0		0	0	NZ_CP017731.1	+	807425	807452	1
primary	GCF_002776795.1	SQ29	group_306	group_306_F	F	20	EXACT	0		0	0	NZ_CP017731.1	-	1020367	1020386	1
primary	GCF_002776795.1	SQ29	group_306	group_306_R	R	20	EXACT	0		0	0	NZ_CP017731.1	+	1020297	1020316	1
primary	GCF_002776795.1	SQ29	group_306	group_306_probe	probe	22	EXACT	0		0	0	NZ_CP017731.1	-	1020319	1020340	1
primary	GCF_002776845.1	SQ20	mutL	mutL_F	F	20	EXACT	0		0	0	NZ_CP017732.1	-	654007	654026	1
primary	GCF_002776845.1	SQ20	mutL	mutL_R	R	20	EXACT	0		0	0	NZ_CP017732.1	+	653900	653919	1
primary	GCF_002776845.1	SQ20	mutL	mutL_probe	probe	22	EXACT	0		0	0	NZ_CP017732.1	-	653958	653979	1
primary	GCF_002776845.1	SQ20	aroB_primary	aroB_F	F	20	EXACT	0		0	0	NZ_CP017732.1	+	427313	427332	1
primary	GCF_002776845.1	SQ20	aroB_primary	aroB_R	R	20	EXACT	0		0	0	NZ_CP017732.1	-	427437	427456	1
primary	GCF_002776845.1	SQ20	aroB_primary	aroB_probe	probe	25	EXACT	0		0	0	NZ_CP017732.1	+	427403	427427	1
primary	GCF_002776845.1	SQ20	aroB_alt1	aroB_alt1_F	F	19	EXACT	0		0	0	NZ_CP017732.1	+	426962	426980	1
primary	GCF_002776845.1	SQ20	aroB_alt1	aroB_alt1_R	R	20	EXACT	0		0	0	NZ_CP017732.1	-	427043	427062	1
primary	GCF_002776845.1	SQ20	aroB_alt1	aroB_alt1_probe	probe	27	EXACT	0		0	0	NZ_CP017732.1	+	426981	427007	1
primary	GCF_002776845.1	SQ20	aroB_alt2	aroB_alt2_F	F	21	EXACT	0		0	0	NZ_CP017732.1	+	427938	427958	1
primary	GCF_002776845.1	SQ20	aroB_alt2	aroB_alt2_R	R	20	EXACT	0		0	0	NZ_CP017732.1	-	428000	428019	1
primary	GCF_002776845.1	SQ20	aroB_alt2	aroB_alt2_probe	probe	25	EXACT	0		0	0	NZ_CP017732.1	+	427970	427994	1
primary	GCF_002776845.1	SQ20	PSD2_primary	PSD2_F	F	20	EXACT	0		0	0	NZ_CP017732.1	+	808656	808675	1
primary	GCF_002776845.1	SQ20	PSD2_primary	PSD2_R	R	20	EXACT	0		0	0	NZ_CP017732.1	-	808850	808869	1
primary	GCF_002776845.1	SQ20	PSD2_primary	PSD2_probe	probe	22	EXACT	0		0	0	NZ_CP017732.1	+	808804	808825	1
primary	GCF_002776845.1	SQ20	PSD2_alt1	PSD2_alt1_F	F	20	EXACT	0		0	0	NZ_CP017732.1	+	808239	808258	1
primary	GCF_002776845.1	SQ20	PSD2_alt1	PSD2_alt1_R	R	19	EXACT	0		0	0	NZ_CP017732.1	-	808302	808320	1
primary	GCF_002776845.1	SQ20	PSD2_alt1	PSD2_alt1_probe	probe	28	EXACT	0		0	0	NZ_CP017732.1	+	808274	808301	1
primary	GCF_002776845.1	SQ20	group_306	group_306_F	F	20	EXACT	0		0	0	NZ_CP017732.1	-	1021176	1021195	1
primary	GCF_002776845.1	SQ20	group_306	group_306_R	R	20	EXACT	0		0	0	NZ_CP017732.1	+	1021106	1021125	1
primary	GCF_002776845.1	SQ20	group_306	group_306_probe	probe	22	EXACT	0		0	0	NZ_CP017732.1	-	1021128	1021149	1
primary	GCF_002776885.1	SQ24	mutL	mutL_F	F	20	EXACT	0		0	0	NZ_CP017733.1	-	654008	654027	1
primary	GCF_002776885.1	SQ24	mutL	mutL_R	R	20	EXACT	0		0	0	NZ_CP017733.1	+	653901	653920	1
primary	GCF_002776885.1	SQ24	mutL	mutL_probe	probe	22	EXACT	0		0	0	NZ_CP017733.1	-	653959	653980	1
primary	GCF_002776885.1	SQ24	aroB_primary	aroB_F	F	20	EXACT	0		0	0	NZ_CP017733.1	+	427314	427333	1
primary	GCF_002776885.1	SQ24	aroB_primary	aroB_R	R	20	EXACT	0		0	0	NZ_CP017733.1	-	427438	427457	1
primary	GCF_002776885.1	SQ24	aroB_primary	aroB_probe	probe	25	EXACT	0		0	0	NZ_CP017733.1	+	427404	427428	1
primary	GCF_002776885.1	SQ24	aroB_alt1	aroB_alt1_F	F	19	EXACT	0		0	0	NZ_CP017733.1	+	426963	426981	1
primary	GCF_002776885.1	SQ24	aroB_alt1	aroB_alt1_R	R	20	EXACT	0		0	0	NZ_CP017733.1	-	427044	427063	1
primary	GCF_002776885.1	SQ24	aroB_alt1	aroB_alt1_probe	probe	27	EXACT	0		0	0	NZ_CP017733.1	+	426982	427008	1
primary	GCF_002776885.1	SQ24	aroB_alt2	aroB_alt2_F	F	21	EXACT	0		0	0	NZ_CP017733.1	+	427939	427959	1
primary	GCF_002776885.1	SQ24	aroB_alt2	aroB_alt2_R	R	20	EXACT	0		0	0	NZ_CP017733.1	-	428001	428020	1
primary	GCF_002776885.1	SQ24	aroB_alt2	aroB_alt2_probe	probe	25	EXACT	0		0	0	NZ_CP017733.1	+	427971	427995	1
primary	GCF_002776885.1	SQ24	PSD2_primary	PSD2_F	F	20	EXACT	0		0	0	NZ_CP017733.1	+	808664	808683	1
primary	GCF_002776885.1	SQ24	PSD2_primary	PSD2_R	R	20	EXACT	0		0	0	NZ_CP017733.1	-	808858	808877	1
primary	GCF_002776885.1	SQ24	PSD2_primary	PSD2_probe	probe	22	EXACT	0		0	0	NZ_CP017733.1	+	808812	808833	1
primary	GCF_002776885.1	SQ24	PSD2_alt1	PSD2_alt1_F	F	20	EXACT	0		0	0	NZ_CP017733.1	+	808247	808266	1
primary	GCF_002776885.1	SQ24	PSD2_alt1	PSD2_alt1_R	R	19	EXACT	0		0	0	NZ_CP017733.1	-	808310	808328	1
primary	GCF_002776885.1	SQ24	PSD2_alt1	PSD2_alt1_probe	probe	28	EXACT	0		0	0	NZ_CP017733.1	+	808282	808309	1
primary	GCF_002776885.1	SQ24	group_306	group_306_F	F	20	EXACT	0		0	0	NZ_CP017733.1	-	1021184	1021203	1
primary	GCF_002776885.1	SQ24	group_306	group_306_R	R	20	EXACT	0		0	0	NZ_CP017733.1	+	1021114	1021133	1
primary	GCF_002776885.1	SQ24	group_306	group_306_probe	probe	22	EXACT	0		0	0	NZ_CP017733.1	-	1021136	1021157	1
primary	GCF_002776955.1	SQ09	mutL	mutL_F	F	20	EXACT	0		0	0	NZ_CP017736.1	-	648029	648048	1
primary	GCF_002776955.1	SQ09	mutL	mutL_R	R	20	EXACT	0		0	0	NZ_CP017736.1	+	647922	647941	1
primary	GCF_002776955.1	SQ09	mutL	mutL_probe	probe	22	EXACT	0		0	0	NZ_CP017736.1	-	647980	648001	1
primary	GCF_002776955.1	SQ09	aroB_primary	aroB_F	F	20	EXACT	0		0	0	NZ_CP017736.1	+	421707	421726	1
primary	GCF_002776955.1	SQ09	aroB_primary	aroB_R	R	20	EXACT	0		0	0	NZ_CP017736.1	-	421831	421850	1
primary	GCF_002776955.1	SQ09	aroB_primary	aroB_probe	probe	25	EXACT	0		0	0	NZ_CP017736.1	+	421797	421821	1
primary	GCF_002776955.1	SQ09	aroB_alt1	aroB_alt1_F	F	19	EXACT	0		0	0	NZ_CP017736.1	+	421356	421374	1
primary	GCF_002776955.1	SQ09	aroB_alt1	aroB_alt1_R	R	20	EXACT	0		0	0	NZ_CP017736.1	-	421437	421456	1
primary	GCF_002776955.1	SQ09	aroB_alt1	aroB_alt1_probe	probe	27	EXACT	0		0	0	NZ_CP017736.1	+	421375	421401	1
primary	GCF_002776955.1	SQ09	aroB_alt2	aroB_alt2_F	F	21	EXACT	0		0	0	NZ_CP017736.1	+	422332	422352	1
primary	GCF_002776955.1	SQ09	aroB_alt2	aroB_alt2_R	R	20	EXACT	0		0	0	NZ_CP017736.1	-	422394	422413	1
primary	GCF_002776955.1	SQ09	aroB_alt2	aroB_alt2_probe	probe	25	EXACT	0		0	0	NZ_CP017736.1	+	422364	422388	1
primary	GCF_002776955.1	SQ09	PSD2_primary	PSD2_F	F	20	EXACT	0		0	0	NZ_CP017736.1	+	802709	802728	1
primary	GCF_002776955.1	SQ09	PSD2_primary	PSD2_R	R	20	EXACT	0		0	0	NZ_CP017736.1	-	802903	802922	1
primary	GCF_002776955.1	SQ09	PSD2_primary	PSD2_probe	probe	22	EXACT	0		0	0	NZ_CP017736.1	+	802857	802878	1
primary	GCF_002776955.1	SQ09	PSD2_alt1	PSD2_alt1_F	F	20	EXACT	0		0	0	NZ_CP017736.1	+	802292	802311	1
primary	GCF_002776955.1	SQ09	PSD2_alt1	PSD2_alt1_R	R	19	EXACT	0		0	0	NZ_CP017736.1	-	802355	802373	1
primary	GCF_002776955.1	SQ09	PSD2_alt1	PSD2_alt1_probe	probe	28	EXACT	0		0	0	NZ_CP017736.1	+	802327	802354	1
primary	GCF_002776955.1	SQ09	group_306	group_306_F	F	20	EXACT	0		0	0	NZ_CP017736.1	-	1015213	1015232	1
primary	GCF_002776955.1	SQ09	group_306	group_306_R	R	20	EXACT	0		0	0	NZ_CP017736.1	+	1015143	1015162	1
primary	GCF_002776955.1	SQ09	group_306	group_306_probe	probe	22	EXACT	0		0	0	NZ_CP017736.1	-	1015165	1015186	1
primary	GCF_002776975.1	SQ10	mutL	mutL_F	F	20	EXACT	0		0	0	NZ_CP017737.1	-	648037	648056	1
primary	GCF_002776975.1	SQ10	mutL	mutL_R	R	20	EXACT	0		0	0	NZ_CP017737.1	+	647930	647949	1
primary	GCF_002776975.1	SQ10	mutL	mutL_probe	probe	22	EXACT	0		0	0	NZ_CP017737.1	-	647988	648009	1
primary	GCF_002776975.1	SQ10	aroB_primary	aroB_F	F	20	EXACT	0		0	0	NZ_CP017737.1	+	421706	421725	1
primary	GCF_002776975.1	SQ10	aroB_primary	aroB_R	R	20	EXACT	0		0	0	NZ_CP017737.1	-	421830	421849	1
primary	GCF_002776975.1	SQ10	aroB_primary	aroB_probe	probe	25	EXACT	0		0	0	NZ_CP017737.1	+	421796	421820	1
primary	GCF_002776975.1	SQ10	aroB_alt1	aroB_alt1_F	F	19	EXACT	0		0	0	NZ_CP017737.1	+	421355	421373	1
primary	GCF_002776975.1	SQ10	aroB_alt1	aroB_alt1_R	R	20	EXACT	0		0	0	NZ_CP017737.1	-	421436	421455	1
primary	GCF_002776975.1	SQ10	aroB_alt1	aroB_alt1_probe	probe	27	EXACT	0		0	0	NZ_CP017737.1	+	421374	421400	1
primary	GCF_002776975.1	SQ10	aroB_alt2	aroB_alt2_F	F	21	EXACT	0		0	0	NZ_CP017737.1	+	422331	422351	1
primary	GCF_002776975.1	SQ10	aroB_alt2	aroB_alt2_R	R	20	EXACT	0		0	0	NZ_CP017737.1	-	422393	422412	1
primary	GCF_002776975.1	SQ10	aroB_alt2	aroB_alt2_probe	probe	25	EXACT	0		0	0	NZ_CP017737.1	+	422363	422387	1
primary	GCF_002776975.1	SQ10	PSD2_primary	PSD2_F	F	20	EXACT	0		0	0	NZ_CP017737.1	+	802717	802736	1
primary	GCF_002776975.1	SQ10	PSD2_primary	PSD2_R	R	20	EXACT	0		0	0	NZ_CP017737.1	-	802911	802930	1
primary	GCF_002776975.1	SQ10	PSD2_primary	PSD2_probe	probe	22	EXACT	0		0	0	NZ_CP017737.1	+	802865	802886	1
primary	GCF_002776975.1	SQ10	PSD2_alt1	PSD2_alt1_F	F	20	EXACT	0		0	0	NZ_CP017737.1	+	802300	802319	1
primary	GCF_002776975.1	SQ10	PSD2_alt1	PSD2_alt1_R	R	19	EXACT	0		0	0	NZ_CP017737.1	-	802363	802381	1
primary	GCF_002776975.1	SQ10	PSD2_alt1	PSD2_alt1_probe	probe	28	EXACT	0		0	0	NZ_CP017737.1	+	802335	802362	1
primary	GCF_002776975.1	SQ10	group_306	group_306_F	F	20	EXACT	0		0	0	NZ_CP017737.1	-	1015221	1015240	1
primary	GCF_002776975.1	SQ10	group_306	group_306_R	R	20	EXACT	0		0	0	NZ_CP017737.1	+	1015151	1015170	1
primary	GCF_002776975.1	SQ10	group_306	group_306_probe	probe	22	EXACT	0		0	0	NZ_CP017737.1	-	1015173	1015194	1
primary	GCF_002776995.1	SQ12	mutL	mutL_F	F	20	EXACT	0		0	0	NZ_CP017738.1	-	648039	648058	1
primary	GCF_002776995.1	SQ12	mutL	mutL_R	R	20	EXACT	0		0	0	NZ_CP017738.1	+	647932	647951	1
primary	GCF_002776995.1	SQ12	mutL	mutL_probe	probe	22	EXACT	0		0	0	NZ_CP017738.1	-	647990	648011	1
primary	GCF_002776995.1	SQ12	aroB_primary	aroB_F	F	20	EXACT	0		0	0	NZ_CP017738.1	+	421708	421727	1
primary	GCF_002776995.1	SQ12	aroB_primary	aroB_R	R	20	EXACT	0		0	0	NZ_CP017738.1	-	421832	421851	1
primary	GCF_002776995.1	SQ12	aroB_primary	aroB_probe	probe	25	EXACT	0		0	0	NZ_CP017738.1	+	421798	421822	1
primary	GCF_002776995.1	SQ12	aroB_alt1	aroB_alt1_F	F	19	EXACT	0		0	0	NZ_CP017738.1	+	421357	421375	1
primary	GCF_002776995.1	SQ12	aroB_alt1	aroB_alt1_R	R	20	EXACT	0		0	0	NZ_CP017738.1	-	421438	421457	1
primary	GCF_002776995.1	SQ12	aroB_alt1	aroB_alt1_probe	probe	27	EXACT	0		0	0	NZ_CP017738.1	+	421376	421402	1
primary	GCF_002776995.1	SQ12	aroB_alt2	aroB_alt2_F	F	21	EXACT	0		0	0	NZ_CP017738.1	+	422333	422353	1
primary	GCF_002776995.1	SQ12	aroB_alt2	aroB_alt2_R	R	20	EXACT	0		0	0	NZ_CP017738.1	-	422395	422414	1
primary	GCF_002776995.1	SQ12	aroB_alt2	aroB_alt2_probe	probe	25	EXACT	0		0	0	NZ_CP017738.1	+	422365	422389	1
primary	GCF_002776995.1	SQ12	PSD2_primary	PSD2_F	F	20	EXACT	0		0	0	NZ_CP017738.1	+	802718	802737	1
primary	GCF_002776995.1	SQ12	PSD2_primary	PSD2_R	R	20	EXACT	0		0	0	NZ_CP017738.1	-	802912	802931	1
primary	GCF_002776995.1	SQ12	PSD2_primary	PSD2_probe	probe	22	EXACT	0		0	0	NZ_CP017738.1	+	802866	802887	1
primary	GCF_002776995.1	SQ12	PSD2_alt1	PSD2_alt1_F	F	20	EXACT	0		0	0	NZ_CP017738.1	+	802301	802320	1
primary	GCF_002776995.1	SQ12	PSD2_alt1	PSD2_alt1_R	R	19	EXACT	0		0	0	NZ_CP017738.1	-	802364	802382	1
primary	GCF_002776995.1	SQ12	PSD2_alt1	PSD2_alt1_probe	probe	28	EXACT	0		0	0	NZ_CP017738.1	+	802336	802363	1
primary	GCF_002776995.1	SQ12	group_306	group_306_F	F	20	EXACT	0		0	0	NZ_CP017738.1	-	1015223	1015242	1
primary	GCF_002776995.1	SQ12	group_306	group_306_R	R	20	EXACT	0		0	0	NZ_CP017738.1	+	1015153	1015172	1
primary	GCF_002776995.1	SQ12	group_306	group_306_probe	probe	22	EXACT	0		0	0	NZ_CP017738.1	-	1015175	1015196	1
primary	GCF_002777015.1	SQ14	mutL	mutL_F	F	20	EXACT	0		0	0	NZ_CP017739.1	-	648040	648059	1
primary	GCF_002777015.1	SQ14	mutL	mutL_R	R	20	EXACT	0		0	0	NZ_CP017739.1	+	647933	647952	1
primary	GCF_002777015.1	SQ14	mutL	mutL_probe	probe	22	EXACT	0		0	0	NZ_CP017739.1	-	647991	648012	1
primary	GCF_002777015.1	SQ14	aroB_primary	aroB_F	F	20	EXACT	0		0	0	NZ_CP017739.1	+	421707	421726	1
primary	GCF_002777015.1	SQ14	aroB_primary	aroB_R	R	20	EXACT	0		0	0	NZ_CP017739.1	-	421831	421850	1
primary	GCF_002777015.1	SQ14	aroB_primary	aroB_probe	probe	25	EXACT	0		0	0	NZ_CP017739.1	+	421797	421821	1
primary	GCF_002777015.1	SQ14	aroB_alt1	aroB_alt1_F	F	19	EXACT	0		0	0	NZ_CP017739.1	+	421356	421374	1
primary	GCF_002777015.1	SQ14	aroB_alt1	aroB_alt1_R	R	20	EXACT	0		0	0	NZ_CP017739.1	-	421437	421456	1
primary	GCF_002777015.1	SQ14	aroB_alt1	aroB_alt1_probe	probe	27	EXACT	0		0	0	NZ_CP017739.1	+	421375	421401	1
primary	GCF_002777015.1	SQ14	aroB_alt2	aroB_alt2_F	F	21	EXACT	0		0	0	NZ_CP017739.1	+	422332	422352	1
primary	GCF_002777015.1	SQ14	aroB_alt2	aroB_alt2_R	R	20	EXACT	0		0	0	NZ_CP017739.1	-	422394	422413	1
primary	GCF_002777015.1	SQ14	aroB_alt2	aroB_alt2_probe	probe	25	EXACT	0		0	0	NZ_CP017739.1	+	422364	422388	1
primary	GCF_002777015.1	SQ14	PSD2_primary	PSD2_F	F	20	EXACT	0		0	0	NZ_CP017739.1	+	802720	802739	1
primary	GCF_002777015.1	SQ14	PSD2_primary	PSD2_R	R	20	EXACT	0		0	0	NZ_CP017739.1	-	802914	802933	1
primary	GCF_002777015.1	SQ14	PSD2_primary	PSD2_probe	probe	22	EXACT	0		0	0	NZ_CP017739.1	+	802868	802889	1
primary	GCF_002777015.1	SQ14	PSD2_alt1	PSD2_alt1_F	F	20	EXACT	0		0	0	NZ_CP017739.1	+	802303	802322	1
primary	GCF_002777015.1	SQ14	PSD2_alt1	PSD2_alt1_R	R	19	EXACT	0		0	0	NZ_CP017739.1	-	802366	802384	1
primary	GCF_002777015.1	SQ14	PSD2_alt1	PSD2_alt1_probe	probe	28	EXACT	0		0	0	NZ_CP017739.1	+	802338	802365	1
primary	GCF_002777015.1	SQ14	group_306	group_306_F	F	20	EXACT	0		0	0	NZ_CP017739.1	-	1015224	1015243	1
primary	GCF_002777015.1	SQ14	group_306	group_306_R	R	20	EXACT	0		0	0	NZ_CP017739.1	+	1015154	1015173	1
primary	GCF_002777015.1	SQ14	group_306	group_306_probe	probe	22	EXACT	0		0	0	NZ_CP017739.1	-	1015176	1015197	1
primary	GCF_002777035.1	SQ01	mutL	mutL_F	F	20	EXACT	0		0	0	NZ_CP017740.1	-	654154	654173	1
primary	GCF_002777035.1	SQ01	mutL	mutL_R	R	20	EXACT	0		0	0	NZ_CP017740.1	+	654047	654066	1
primary	GCF_002777035.1	SQ01	mutL	mutL_probe	probe	22	EXACT	0		0	0	NZ_CP017740.1	-	654105	654126	1
primary	GCF_002777035.1	SQ01	aroB_primary	aroB_F	F	20	EXACT	0		0	0	NZ_CP017740.1	+	427759	427778	1
primary	GCF_002777035.1	SQ01	aroB_primary	aroB_R	R	20	EXACT	0		0	0	NZ_CP017740.1	-	427883	427902	1
primary	GCF_002777035.1	SQ01	aroB_primary	aroB_probe	probe	25	EXACT	0		0	0	NZ_CP017740.1	+	427849	427873	1
primary	GCF_002777035.1	SQ01	aroB_alt1	aroB_alt1_F	F	19	EXACT	0		0	0	NZ_CP017740.1	+	427408	427426	1
primary	GCF_002777035.1	SQ01	aroB_alt1	aroB_alt1_R	R	20	EXACT	0		0	0	NZ_CP017740.1	-	427489	427508	1
primary	GCF_002777035.1	SQ01	aroB_alt1	aroB_alt1_probe	probe	27	EXACT	0		0	0	NZ_CP017740.1	+	427427	427453	1
primary	GCF_002777035.1	SQ01	aroB_alt2	aroB_alt2_F	F	21	EXACT	0		0	0	NZ_CP017740.1	+	428384	428404	1
primary	GCF_002777035.1	SQ01	aroB_alt2	aroB_alt2_R	R	20	EXACT	0		0	0	NZ_CP017740.1	-	428446	428465	1
primary	GCF_002777035.1	SQ01	aroB_alt2	aroB_alt2_probe	probe	25	EXACT	0		0	0	NZ_CP017740.1	+	428416	428440	1
primary	GCF_002777035.1	SQ01	PSD2_primary	PSD2_F	F	20	EXACT	0		0	0	NZ_CP017740.1	+	808823	808842	1
primary	GCF_002777035.1	SQ01	PSD2_primary	PSD2_R	R	20	EXACT	0		0	0	NZ_CP017740.1	-	809017	809036	1
primary	GCF_002777035.1	SQ01	PSD2_primary	PSD2_probe	probe	22	EXACT	0		0	0	NZ_CP017740.1	+	808971	808992	1
primary	GCF_002777035.1	SQ01	PSD2_alt1	PSD2_alt1_F	F	20	EXACT	0		0	0	NZ_CP017740.1	+	808406	808425	1
primary	GCF_002777035.1	SQ01	PSD2_alt1	PSD2_alt1_R	R	19	EXACT	0		0	0	NZ_CP017740.1	-	808469	808487	1
primary	GCF_002777035.1	SQ01	PSD2_alt1	PSD2_alt1_probe	probe	28	EXACT	0		0	0	NZ_CP017740.1	+	808441	808468	1
primary	GCF_002777035.1	SQ01	group_306	group_306_F	F	20	EXACT	0		0	0	NZ_CP017740.1	-	1021339	1021358	1
primary	GCF_002777035.1	SQ01	group_306	group_306_R	R	20	EXACT	0		0	0	NZ_CP017740.1	+	1021269	1021288	1
primary	GCF_002777035.1	SQ01	group_306	group_306_probe	probe	22	EXACT	0		0	0	NZ_CP017740.1	-	1021291	1021312	1
primary	GCF_002777055.1	SQ02	mutL	mutL_F	F	20	EXACT	0		0	0	NZ_CP017741.1	-	654154	654173	1
primary	GCF_002777055.1	SQ02	mutL	mutL_R	R	20	EXACT	0		0	0	NZ_CP017741.1	+	654047	654066	1
primary	GCF_002777055.1	SQ02	mutL	mutL_probe	probe	22	EXACT	0		0	0	NZ_CP017741.1	-	654105	654126	1
primary	GCF_002777055.1	SQ02	aroB_primary	aroB_F	F	20	EXACT	0		0	0	NZ_CP017741.1	+	427759	427778	1
primary	GCF_002777055.1	SQ02	aroB_primary	aroB_R	R	20	EXACT	0		0	0	NZ_CP017741.1	-	427883	427902	1
primary	GCF_002777055.1	SQ02	aroB_primary	aroB_probe	probe	25	EXACT	0		0	0	NZ_CP017741.1	+	427849	427873	1
primary	GCF_002777055.1	SQ02	aroB_alt1	aroB_alt1_F	F	19	EXACT	0		0	0	NZ_CP017741.1	+	427408	427426	1
primary	GCF_002777055.1	SQ02	aroB_alt1	aroB_alt1_R	R	20	EXACT	0		0	0	NZ_CP017741.1	-	427489	427508	1
primary	GCF_002777055.1	SQ02	aroB_alt1	aroB_alt1_probe	probe	27	EXACT	0		0	0	NZ_CP017741.1	+	427427	427453	1
primary	GCF_002777055.1	SQ02	aroB_alt2	aroB_alt2_F	F	21	EXACT	0		0	0	NZ_CP017741.1	+	428384	428404	1
primary	GCF_002777055.1	SQ02	aroB_alt2	aroB_alt2_R	R	20	EXACT	0		0	0	NZ_CP017741.1	-	428446	428465	1
primary	GCF_002777055.1	SQ02	aroB_alt2	aroB_alt2_probe	probe	25	EXACT	0		0	0	NZ_CP017741.1	+	428416	428440	1
primary	GCF_002777055.1	SQ02	PSD2_primary	PSD2_F	F	20	EXACT	0		0	0	NZ_CP017741.1	+	808823	808842	1
primary	GCF_002777055.1	SQ02	PSD2_primary	PSD2_R	R	20	EXACT	0		0	0	NZ_CP017741.1	-	809017	809036	1
primary	GCF_002777055.1	SQ02	PSD2_primary	PSD2_probe	probe	22	EXACT	0		0	0	NZ_CP017741.1	+	808971	808992	1
primary	GCF_002777055.1	SQ02	PSD2_alt1	PSD2_alt1_F	F	20	EXACT	0		0	0	NZ_CP017741.1	+	808406	808425	1
primary	GCF_002777055.1	SQ02	PSD2_alt1	PSD2_alt1_R	R	19	EXACT	0		0	0	NZ_CP017741.1	-	808469	808487	1
primary	GCF_002777055.1	SQ02	PSD2_alt1	PSD2_alt1_probe	probe	28	EXACT	0		0	0	NZ_CP017741.1	+	808441	808468	1
primary	GCF_002777055.1	SQ02	group_306	group_306_F	F	20	EXACT	0		0	0	NZ_CP017741.1	-	1021339	1021358	1
primary	GCF_002777055.1	SQ02	group_306	group_306_R	R	20	EXACT	0		0	0	NZ_CP017741.1	+	1021269	1021288	1
primary	GCF_002777055.1	SQ02	group_306	group_306_probe	probe	22	EXACT	0		0	0	NZ_CP017741.1	-	1021291	1021312	1
primary	GCF_002777075.1	SQ05	mutL	mutL_F	F	20	EXACT	0		0	0	NZ_CP017742.1	-	654154	654173	1
primary	GCF_002777075.1	SQ05	mutL	mutL_R	R	20	EXACT	0		0	0	NZ_CP017742.1	+	654047	654066	1
primary	GCF_002777075.1	SQ05	mutL	mutL_probe	probe	22	EXACT	0		0	0	NZ_CP017742.1	-	654105	654126	1
primary	GCF_002777075.1	SQ05	aroB_primary	aroB_F	F	20	EXACT	0		0	0	NZ_CP017742.1	+	427759	427778	1
primary	GCF_002777075.1	SQ05	aroB_primary	aroB_R	R	20	EXACT	0		0	0	NZ_CP017742.1	-	427883	427902	1
primary	GCF_002777075.1	SQ05	aroB_primary	aroB_probe	probe	25	EXACT	0		0	0	NZ_CP017742.1	+	427849	427873	1
primary	GCF_002777075.1	SQ05	aroB_alt1	aroB_alt1_F	F	19	EXACT	0		0	0	NZ_CP017742.1	+	427408	427426	1
primary	GCF_002777075.1	SQ05	aroB_alt1	aroB_alt1_R	R	20	EXACT	0		0	0	NZ_CP017742.1	-	427489	427508	1
primary	GCF_002777075.1	SQ05	aroB_alt1	aroB_alt1_probe	probe	27	EXACT	0		0	0	NZ_CP017742.1	+	427427	427453	1
primary	GCF_002777075.1	SQ05	aroB_alt2	aroB_alt2_F	F	21	EXACT	0		0	0	NZ_CP017742.1	+	428384	428404	1
primary	GCF_002777075.1	SQ05	aroB_alt2	aroB_alt2_R	R	20	EXACT	0		0	0	NZ_CP017742.1	-	428446	428465	1
primary	GCF_002777075.1	SQ05	aroB_alt2	aroB_alt2_probe	probe	25	EXACT	0		0	0	NZ_CP017742.1	+	428416	428440	1
primary	GCF_002777075.1	SQ05	PSD2_primary	PSD2_F	F	20	EXACT	0		0	0	NZ_CP017742.1	+	808823	808842	1
primary	GCF_002777075.1	SQ05	PSD2_primary	PSD2_R	R	20	EXACT	0		0	0	NZ_CP017742.1	-	809017	809036	1
primary	GCF_002777075.1	SQ05	PSD2_primary	PSD2_probe	probe	22	EXACT	0		0	0	NZ_CP017742.1	+	808971	808992	1
primary	GCF_002777075.1	SQ05	PSD2_alt1	PSD2_alt1_F	F	20	EXACT	0		0	0	NZ_CP017742.1	+	808406	808425	1
primary	GCF_002777075.1	SQ05	PSD2_alt1	PSD2_alt1_R	R	19	EXACT	0		0	0	NZ_CP017742.1	-	808469	808487	1
primary	GCF_002777075.1	SQ05	PSD2_alt1	PSD2_alt1_probe	probe	28	EXACT	0		0	0	NZ_CP017742.1	+	808441	808468	1
primary	GCF_002777075.1	SQ05	group_306	group_306_F	F	20	EXACT	0		0	0	NZ_CP017742.1	-	1021339	1021358	1
primary	GCF_002777075.1	SQ05	group_306	group_306_R	R	20	EXACT	0		0	0	NZ_CP017742.1	+	1021269	1021288	1
primary	GCF_002777075.1	SQ05	group_306	group_306_probe	probe	22	EXACT	0		0	0	NZ_CP017742.1	-	1021291	1021312	1
primary	GCF_002777095.1	SQ25	mutL	mutL_F	F	20	EXACT	0		0	0	NZ_CP017743.1	-	648578	648597	1
primary	GCF_002777095.1	SQ25	mutL	mutL_R	R	20	EXACT	0		0	0	NZ_CP017743.1	+	648471	648490	1
primary	GCF_002777095.1	SQ25	mutL	mutL_probe	probe	22	EXACT	0		0	0	NZ_CP017743.1	-	648529	648550	2
primary	GCF_002777095.1	SQ25	aroB_primary	aroB_F	F	20	EXACT	0		0	0	NZ_CP017743.1	+	421727	421746	1
primary	GCF_002777095.1	SQ25	aroB_primary	aroB_R	R	20	EXACT	0		0	0	NZ_CP017743.1	-	421851	421870	1
primary	GCF_002777095.1	SQ25	aroB_primary	aroB_probe	probe	25	EXACT	0		0	0	NZ_CP017743.1	+	421817	421841	1
primary	GCF_002777095.1	SQ25	aroB_alt1	aroB_alt1_F	F	19	EXACT	0		0	0	NZ_CP017743.1	+	421376	421394	1
primary	GCF_002777095.1	SQ25	aroB_alt1	aroB_alt1_R	R	20	EXACT	0		0	0	NZ_CP017743.1	-	421457	421476	1
primary	GCF_002777095.1	SQ25	aroB_alt1	aroB_alt1_probe	probe	27	EXACT	0		0	0	NZ_CP017743.1	+	421395	421421	1
primary	GCF_002777095.1	SQ25	aroB_alt2	aroB_alt2_F	F	21	EXACT	0		0	0	NZ_CP017743.1	+	422352	422372	1
primary	GCF_002777095.1	SQ25	aroB_alt2	aroB_alt2_R	R	20	EXACT	0		0	0	NZ_CP017743.1	-	422414	422433	1
primary	GCF_002777095.1	SQ25	aroB_alt2	aroB_alt2_probe	probe	25	EXACT	0		0	0	NZ_CP017743.1	+	422384	422408	1
primary	GCF_002777095.1	SQ25	PSD2_primary	PSD2_F	F	20	EXACT	0		0	0	NZ_CP017743.1	+	803337	803356	1
primary	GCF_002777095.1	SQ25	PSD2_primary	PSD2_R	R	20	EXACT	0		0	0	NZ_CP017743.1	-	803531	803550	1
primary	GCF_002777095.1	SQ25	PSD2_primary	PSD2_probe	probe	22	EXACT	0		0	0	NZ_CP017743.1	+	803485	803506	1
primary	GCF_002777095.1	SQ25	PSD2_alt1	PSD2_alt1_F	F	20	EXACT	0		0	0	NZ_CP017743.1	+	802920	802939	1
primary	GCF_002777095.1	SQ25	PSD2_alt1	PSD2_alt1_R	R	19	EXACT	0		0	0	NZ_CP017743.1	-	802983	803001	1
primary	GCF_002777095.1	SQ25	PSD2_alt1	PSD2_alt1_probe	probe	28	EXACT	0		0	0	NZ_CP017743.1	+	802955	802982	1
primary	GCF_002777095.1	SQ25	group_306	group_306_F	F	20	EXACT	0		0	0	NZ_CP017743.1	-	1015897	1015916	1
primary	GCF_002777095.1	SQ25	group_306	group_306_R	R	20	EXACT	0		0	0	NZ_CP017743.1	+	1015827	1015846	1
primary	GCF_002777095.1	SQ25	group_306	group_306_probe	probe	22	EXACT	0		0	0	NZ_CP017743.1	-	1015849	1015870	1
primary	GCF_002777135.1	SQ15	mutL	mutL_F	F	20	EXACT	0		0	0	NZ_CP017745.1	-	653760	653779	1
primary	GCF_002777135.1	SQ15	mutL	mutL_R	R	20	EXACT	0		0	0	NZ_CP017745.1	+	653653	653672	1
primary	GCF_002777135.1	SQ15	mutL	mutL_probe	probe	22	EXACT	0		0	0	NZ_CP017745.1	-	653711	653732	1
primary	GCF_002777135.1	SQ15	aroB_primary	aroB_F	F	20	EXACT	0		0	0	NZ_CP017745.1	+	427106	427125	1
primary	GCF_002777135.1	SQ15	aroB_primary	aroB_R	R	20	EXACT	0		0	0	NZ_CP017745.1	-	427230	427249	1
primary	GCF_002777135.1	SQ15	aroB_primary	aroB_probe	probe	25	EXACT	0		0	0	NZ_CP017745.1	+	427196	427220	1
primary	GCF_002777135.1	SQ15	aroB_alt1	aroB_alt1_F	F	19	EXACT	0		0	0	NZ_CP017745.1	+	426755	426773	1
primary	GCF_002777135.1	SQ15	aroB_alt1	aroB_alt1_R	R	20	EXACT	0		0	0	NZ_CP017745.1	-	426836	426855	1
primary	GCF_002777135.1	SQ15	aroB_alt1	aroB_alt1_probe	probe	27	EXACT	0		0	0	NZ_CP017745.1	+	426774	426800	1
primary	GCF_002777135.1	SQ15	aroB_alt2	aroB_alt2_F	F	21	EXACT	0		0	0	NZ_CP017745.1	+	427731	427751	1
primary	GCF_002777135.1	SQ15	aroB_alt2	aroB_alt2_R	R	20	EXACT	0		0	0	NZ_CP017745.1	-	427793	427812	1
primary	GCF_002777135.1	SQ15	aroB_alt2	aroB_alt2_probe	probe	25	EXACT	0		0	0	NZ_CP017745.1	+	427763	427787	1
primary	GCF_002777135.1	SQ15	PSD2_primary	PSD2_F	F	20	EXACT	0		0	0	NZ_CP017745.1	+	808441	808460	1
primary	GCF_002777135.1	SQ15	PSD2_primary	PSD2_R	R	20	EXACT	0		0	0	NZ_CP017745.1	-	808635	808654	1
primary	GCF_002777135.1	SQ15	PSD2_primary	PSD2_probe	probe	22	EXACT	0		0	0	NZ_CP017745.1	+	808589	808610	1
primary	GCF_002777135.1	SQ15	PSD2_alt1	PSD2_alt1_F	F	20	EXACT	0		0	0	NZ_CP017745.1	+	808024	808043	1
primary	GCF_002777135.1	SQ15	PSD2_alt1	PSD2_alt1_R	R	19	EXACT	0		0	0	NZ_CP017745.1	-	808087	808105	1
primary	GCF_002777135.1	SQ15	PSD2_alt1	PSD2_alt1_probe	probe	28	EXACT	0		0	0	NZ_CP017745.1	+	808059	808086	1
primary	GCF_002777135.1	SQ15	group_306	group_306_F	F	20	EXACT	0		0	0	NZ_CP017745.1	-	1020952	1020971	1
primary	GCF_002777135.1	SQ15	group_306	group_306_R	R	20	EXACT	0		0	0	NZ_CP017745.1	+	1020882	1020901	1
primary	GCF_002777135.1	SQ15	group_306	group_306_probe	probe	22	EXACT	0		0	0	NZ_CP017745.1	-	1020904	1020925	1
primary	GCF_002777155.1	SQ19	mutL	mutL_F	F	20	EXACT	0		0	0	NZ_CP017746.1	-	653759	653778	1
primary	GCF_002777155.1	SQ19	mutL	mutL_R	R	20	EXACT	0		0	0	NZ_CP017746.1	+	653652	653671	1
primary	GCF_002777155.1	SQ19	mutL	mutL_probe	probe	22	EXACT	0		0	0	NZ_CP017746.1	-	653710	653731	1
primary	GCF_002777155.1	SQ19	aroB_primary	aroB_F	F	20	EXACT	0		0	0	NZ_CP017746.1	+	427105	427124	1
primary	GCF_002777155.1	SQ19	aroB_primary	aroB_R	R	20	EXACT	0		0	0	NZ_CP017746.1	-	427229	427248	1
primary	GCF_002777155.1	SQ19	aroB_primary	aroB_probe	probe	25	EXACT	0		0	0	NZ_CP017746.1	+	427195	427219	1
primary	GCF_002777155.1	SQ19	aroB_alt1	aroB_alt1_F	F	19	EXACT	0		0	0	NZ_CP017746.1	+	426754	426772	1
primary	GCF_002777155.1	SQ19	aroB_alt1	aroB_alt1_R	R	20	EXACT	0		0	0	NZ_CP017746.1	-	426835	426854	1
primary	GCF_002777155.1	SQ19	aroB_alt1	aroB_alt1_probe	probe	27	EXACT	0		0	0	NZ_CP017746.1	+	426773	426799	1
primary	GCF_002777155.1	SQ19	aroB_alt2	aroB_alt2_F	F	21	EXACT	0		0	0	NZ_CP017746.1	+	427730	427750	1
primary	GCF_002777155.1	SQ19	aroB_alt2	aroB_alt2_R	R	20	EXACT	0		0	0	NZ_CP017746.1	-	427792	427811	1
primary	GCF_002777155.1	SQ19	aroB_alt2	aroB_alt2_probe	probe	25	EXACT	0		0	0	NZ_CP017746.1	+	427762	427786	1
primary	GCF_002777155.1	SQ19	PSD2_primary	PSD2_F	F	20	EXACT	0		0	0	NZ_CP017746.1	+	808440	808459	1
primary	GCF_002777155.1	SQ19	PSD2_primary	PSD2_R	R	20	EXACT	0		0	0	NZ_CP017746.1	-	808634	808653	1
primary	GCF_002777155.1	SQ19	PSD2_primary	PSD2_probe	probe	22	EXACT	0		0	0	NZ_CP017746.1	+	808588	808609	1
primary	GCF_002777155.1	SQ19	PSD2_alt1	PSD2_alt1_F	F	20	EXACT	0		0	0	NZ_CP017746.1	+	808023	808042	1
primary	GCF_002777155.1	SQ19	PSD2_alt1	PSD2_alt1_R	R	19	EXACT	0		0	0	NZ_CP017746.1	-	808086	808104	1
primary	GCF_002777155.1	SQ19	PSD2_alt1	PSD2_alt1_probe	probe	28	EXACT	0		0	0	NZ_CP017746.1	+	808058	808085	1
primary	GCF_002777155.1	SQ19	group_306	group_306_F	F	20	EXACT	0		0	0	NZ_CP017746.1	-	1020951	1020970	1
primary	GCF_002777155.1	SQ19	group_306	group_306_R	R	20	EXACT	0		0	0	NZ_CP017746.1	+	1020881	1020900	1
primary	GCF_002777155.1	SQ19	group_306	group_306_probe	probe	22	EXACT	0		0	0	NZ_CP017746.1	-	1020903	1020924	1
primary	GCF_025723025.1	L2f	mutL	mutL_F	F	20	EXACT	0		0	0	NZ_CP106985.1	+	671870	671889	1
primary	GCF_025723025.1	L2f	mutL	mutL_R	R	20	EXACT	0		0	0	NZ_CP106985.1	-	671977	671996	1
primary	GCF_025723025.1	L2f	mutL	mutL_probe	probe	22	EXACT	0		0	0	NZ_CP106985.1	+	671917	671938	1
primary	GCF_025723025.1	L2f	aroB_primary	aroB_F	F	20	EXACT	0		0	0	NZ_CP106985.1	-	897979	897998	1
primary	GCF_025723025.1	L2f	aroB_primary	aroB_R	R	20	EXACT	0		0	0	NZ_CP106985.1	+	897855	897874	1
primary	GCF_025723025.1	L2f	aroB_primary	aroB_probe	probe	25	EXACT	0		0	0	NZ_CP106985.1	-	897884	897908	1
primary	GCF_025723025.1	L2f	aroB_alt1	aroB_alt1_F	F	19	EXACT	0		0	0	NZ_CP106985.1	-	898331	898349	1
primary	GCF_025723025.1	L2f	aroB_alt1	aroB_alt1_R	R	20	EXACT	0		0	0	NZ_CP106985.1	+	898249	898268	1
primary	GCF_025723025.1	L2f	aroB_alt1	aroB_alt1_probe	probe	27	EXACT	0		0	0	NZ_CP106985.1	-	898304	898330	1
primary	GCF_025723025.1	L2f	aroB_alt2	aroB_alt2_F	F	21	EXACT	0		0	0	NZ_CP106985.1	-	897353	897373	1
primary	GCF_025723025.1	L2f	aroB_alt2	aroB_alt2_R	R	20	EXACT	0		0	0	NZ_CP106985.1	+	897292	897311	1
primary	GCF_025723025.1	L2f	aroB_alt2	aroB_alt2_probe	probe	25	EXACT	0		0	0	NZ_CP106985.1	-	897317	897341	1
primary	GCF_025723025.1	L2f	PSD2_primary	PSD2_F	F	20	EXACT	0		0	0	NZ_CP106985.1	-	517212	517231	1
primary	GCF_025723025.1	L2f	PSD2_primary	PSD2_R	R	20	EXACT	0		0	0	NZ_CP106985.1	+	517018	517037	1
primary	GCF_025723025.1	L2f	PSD2_primary	PSD2_probe	probe	22	EXACT	0		0	0	NZ_CP106985.1	-	517062	517083	1
primary	GCF_025723025.1	L2f	PSD2_alt1	PSD2_alt1_F	F	20	EXACT	0		0	0	NZ_CP106985.1	-	517629	517648	1
primary	GCF_025723025.1	L2f	PSD2_alt1	PSD2_alt1_R	R	19	EXACT	0		0	0	NZ_CP106985.1	+	517567	517585	1
primary	GCF_025723025.1	L2f	PSD2_alt1	PSD2_alt1_probe	probe	28	EXACT	0		0	0	NZ_CP106985.1	-	517586	517613	1
primary	GCF_025723025.1	L2f	group_306	group_306_F	F	20	EXACT	0		0	0	NZ_CP106985.1	+	304676	304695	1
primary	GCF_025723025.1	L2f	group_306	group_306_R	R	20	EXACT	0		0	0	NZ_CP106985.1	-	304746	304765	1
primary	GCF_025723025.1	L2f	group_306	group_306_probe	probe	22	EXACT	0		0	0	NZ_CP106985.1	+	304722	304743	1
primary	GCF_047414635.1	L3/404/LN	mutL	mutL_F	F	20	EXACT	0		0	0	NZ_CP166111.1	-	645431	645450	1
primary	GCF_047414635.1	L3/404/LN	mutL	mutL_R	R	20	EXACT	0		0	0	NZ_CP166111.1	+	645324	645343	1
primary	GCF_047414635.1	L3/404/LN	mutL	mutL_probe	probe	22	EXACT	0		0	0	NZ_CP166111.1	-	645382	645403	1
primary	GCF_047414635.1	L3/404/LN	aroB_primary	aroB_F	F	20	EXACT	0		0	0	NZ_CP166111.1	+	418269	418288	1
primary	GCF_047414635.1	L3/404/LN	aroB_primary	aroB_R	R	20	EXACT	0		0	0	NZ_CP166111.1	-	418393	418412	1
primary	GCF_047414635.1	L3/404/LN	aroB_primary	aroB_probe	probe	25	EXACT	0		0	0	NZ_CP166111.1	+	418359	418383	1
primary	GCF_047414635.1	L3/404/LN	aroB_alt1	aroB_alt1_F	F	19	EXACT	0		0	0	NZ_CP166111.1	+	417918	417936	1
primary	GCF_047414635.1	L3/404/LN	aroB_alt1	aroB_alt1_R	R	20	EXACT	0		0	0	NZ_CP166111.1	-	417999	418018	1
primary	GCF_047414635.1	L3/404/LN	aroB_alt1	aroB_alt1_probe	probe	27	EXACT	0		0	0	NZ_CP166111.1	+	417937	417963	1
primary	GCF_047414635.1	L3/404/LN	aroB_alt2	aroB_alt2_F	F	21	EXACT	0		0	0	NZ_CP166111.1	+	418894	418914	1
primary	GCF_047414635.1	L3/404/LN	aroB_alt2	aroB_alt2_R	R	20	EXACT	0		0	0	NZ_CP166111.1	-	418956	418975	1
primary	GCF_047414635.1	L3/404/LN	aroB_alt2	aroB_alt2_probe	probe	25	EXACT	0		0	0	NZ_CP166111.1	+	418926	418950	1
primary	GCF_047414635.1	L3/404/LN	PSD2_primary	PSD2_F	F	20	EXACT	0		0	0	NZ_CP166111.1	+	800110	800129	1
primary	GCF_047414635.1	L3/404/LN	PSD2_primary	PSD2_R	R	20	EXACT	0		0	0	NZ_CP166111.1	-	800304	800323	1
primary	GCF_047414635.1	L3/404/LN	PSD2_primary	PSD2_probe	probe	22	EXACT	0		0	0	NZ_CP166111.1	+	800258	800279	1
primary	GCF_047414635.1	L3/404/LN	PSD2_alt1	PSD2_alt1_F	F	20	EXACT	0		0	0	NZ_CP166111.1	+	799693	799712	1
primary	GCF_047414635.1	L3/404/LN	PSD2_alt1	PSD2_alt1_R	R	19	EXACT	0		0	0	NZ_CP166111.1	-	799756	799774	1
primary	GCF_047414635.1	L3/404/LN	PSD2_alt1	PSD2_alt1_probe	probe	28	EXACT	0		0	0	NZ_CP166111.1	+	799728	799755	1
primary	GCF_047414635.1	L3/404/LN	group_306	group_306_F	F	20	EXACT	0		0	0	NZ_CP166111.1	-	1012634	1012653	1
primary	GCF_047414635.1	L3/404/LN	group_306	group_306_R	R	20	EXACT	0		0	0	NZ_CP166111.1	+	1012564	1012583	1
primary	GCF_047414635.1	L3/404/LN	group_306	group_306_probe	probe	22	EXACT	0		0	0	NZ_CP166111.1	-	1012586	1012607	1
primary	GCF_047416045.1	L2-D/SF/L2c	mutL	mutL_F	F	20	EXACT	0		0	0	NZ_CP166112.1	-	966506	966525	1
primary	GCF_047416045.1	L2-D/SF/L2c	mutL	mutL_R	R	20	EXACT	0		0	0	NZ_CP166112.1	+	966399	966418	1
primary	GCF_047416045.1	L2-D/SF/L2c	mutL	mutL_probe	probe	22	EXACT	0		0	0	NZ_CP166112.1	-	966457	966478	1
primary	GCF_047416045.1	L2-D/SF/L2c	aroB_primary	aroB_F	F	20	EXACT	0		0	0	NZ_CP166112.1	+	739803	739822	1
primary	GCF_047416045.1	L2-D/SF/L2c	aroB_primary	aroB_R	R	20	EXACT	0		0	0	NZ_CP166112.1	-	739927	739946	1
primary	GCF_047416045.1	L2-D/SF/L2c	aroB_primary	aroB_probe	probe	25	EXACT	0		0	0	NZ_CP166112.1	+	739893	739917	1
primary	GCF_047416045.1	L2-D/SF/L2c	aroB_alt1	aroB_alt1_F	F	19	EXACT	0		0	0	NZ_CP166112.1	+	739452	739470	1
primary	GCF_047416045.1	L2-D/SF/L2c	aroB_alt1	aroB_alt1_R	R	20	EXACT	0		0	0	NZ_CP166112.1	-	739533	739552	1
primary	GCF_047416045.1	L2-D/SF/L2c	aroB_alt1	aroB_alt1_probe	probe	27	EXACT	0		0	0	NZ_CP166112.1	+	739471	739497	1
primary	GCF_047416045.1	L2-D/SF/L2c	aroB_alt2	aroB_alt2_F	F	21	EXACT	0		0	0	NZ_CP166112.1	+	740428	740448	1
primary	GCF_047416045.1	L2-D/SF/L2c	aroB_alt2	aroB_alt2_R	R	20	EXACT	0		0	0	NZ_CP166112.1	-	740490	740509	1
primary	GCF_047416045.1	L2-D/SF/L2c	aroB_alt2	aroB_alt2_probe	probe	25	EXACT	0		0	0	NZ_CP166112.1	+	740460	740484	1
primary	GCF_047416045.1	L2-D/SF/L2c	PSD2_primary	PSD2_F	F	20	EXACT	0		0	0	NZ_CP166112.1	+	82412	82431	1
primary	GCF_047416045.1	L2-D/SF/L2c	PSD2_primary	PSD2_R	R	20	EXACT	0		0	0	NZ_CP166112.1	-	82606	82625	1
primary	GCF_047416045.1	L2-D/SF/L2c	PSD2_primary	PSD2_probe	probe	22	EXACT	0		0	0	NZ_CP166112.1	+	82560	82581	1
primary	GCF_047416045.1	L2-D/SF/L2c	PSD2_alt1	PSD2_alt1_F	F	20	EXACT	0		0	0	NZ_CP166112.1	+	81995	82014	1
primary	GCF_047416045.1	L2-D/SF/L2c	PSD2_alt1	PSD2_alt1_R	R	19	EXACT	0		0	0	NZ_CP166112.1	-	82058	82076	1
primary	GCF_047416045.1	L2-D/SF/L2c	PSD2_alt1	PSD2_alt1_probe	probe	28	EXACT	0		0	0	NZ_CP166112.1	+	82030	82057	1
primary	GCF_047416045.1	L2-D/SF/L2c	group_306	group_306_F	F	20	EXACT	0		0	0	NZ_CP166112.1	-	294857	294876	1
primary	GCF_047416045.1	L2-D/SF/L2c	group_306	group_306_R	R	20	EXACT	0		0	0	NZ_CP166112.1	+	294787	294806	1
primary	GCF_047416045.1	L2-D/SF/L2c	group_306	group_306_probe	probe	22	EXACT	0		0	0	NZ_CP166112.1	-	294809	294830	1
primary	GCF_047416055.1	L1/440/LN	mutL	mutL_F	F	20	EXACT	0		0	0	NZ_CP166113.1	-	645424	645443	1
primary	GCF_047416055.1	L1/440/LN	mutL	mutL_R	R	20	EXACT	0		0	0	NZ_CP166113.1	+	645317	645336	1
primary	GCF_047416055.1	L1/440/LN	mutL	mutL_probe	probe	22	EXACT	0		0	0	NZ_CP166113.1	-	645375	645396	1
primary	GCF_047416055.1	L1/440/LN	aroB_primary	aroB_F	F	20	EXACT	0		0	0	NZ_CP166113.1	+	418281	418300	1
primary	GCF_047416055.1	L1/440/LN	aroB_primary	aroB_R	R	20	EXACT	0		0	0	NZ_CP166113.1	-	418405	418424	1
primary	GCF_047416055.1	L1/440/LN	aroB_primary	aroB_probe	probe	25	EXACT	0		0	0	NZ_CP166113.1	+	418371	418395	1
primary	GCF_047416055.1	L1/440/LN	aroB_alt1	aroB_alt1_F	F	19	EXACT	0		0	0	NZ_CP166113.1	+	417930	417948	1
primary	GCF_047416055.1	L1/440/LN	aroB_alt1	aroB_alt1_R	R	20	EXACT	0		0	0	NZ_CP166113.1	-	418011	418030	1
primary	GCF_047416055.1	L1/440/LN	aroB_alt1	aroB_alt1_probe	probe	27	EXACT	0		0	0	NZ_CP166113.1	+	417949	417975	1
primary	GCF_047416055.1	L1/440/LN	aroB_alt2	aroB_alt2_F	F	21	EXACT	0		0	0	NZ_CP166113.1	+	418906	418926	1
primary	GCF_047416055.1	L1/440/LN	aroB_alt2	aroB_alt2_R	R	20	EXACT	0		0	0	NZ_CP166113.1	-	418968	418987	1
primary	GCF_047416055.1	L1/440/LN	aroB_alt2	aroB_alt2_probe	probe	25	EXACT	0		0	0	NZ_CP166113.1	+	418938	418962	1
primary	GCF_047416055.1	L1/440/LN	PSD2_primary	PSD2_F	F	20	EXACT	0		0	0	NZ_CP166113.1	+	800167	800186	1
primary	GCF_047416055.1	L1/440/LN	PSD2_primary	PSD2_R	R	20	EXACT	0		0	0	NZ_CP166113.1	-	800361	800380	1
primary	GCF_047416055.1	L1/440/LN	PSD2_primary	PSD2_probe	probe	22	EXACT	0		0	0	NZ_CP166113.1	+	800315	800336	1
primary	GCF_047416055.1	L1/440/LN	PSD2_alt1	PSD2_alt1_F	F	20	EXACT	0		0	0	NZ_CP166113.1	+	799750	799769	1
primary	GCF_047416055.1	L1/440/LN	PSD2_alt1	PSD2_alt1_R	R	19	EXACT	0		0	0	NZ_CP166113.1	-	799813	799831	1
primary	GCF_047416055.1	L1/440/LN	PSD2_alt1	PSD2_alt1_probe	probe	28	EXACT	0		0	0	NZ_CP166113.1	+	799785	799812	1
primary	GCF_047416055.1	L1/440/LN	group_306	group_306_F	F	20	EXACT	0		0	0	NZ_CP166113.1	-	1012691	1012710	1
primary	GCF_047416055.1	L1/440/LN	group_306	group_306_R	R	20	EXACT	0		0	0	NZ_CP166113.1	+	1012621	1012640	1
primary	GCF_047416055.1	L1/440/LN	group_306	group_306_probe	probe	22	EXACT	0		0	0	NZ_CP166113.1	-	1012643	1012664	1
primary	GCF_047416065.1	K/UW-31/Cx	mutL	mutL_F	F	20	EXACT	0		0	0	NZ_CP166114.1	-	648625	648644	1
primary	GCF_047416065.1	K/UW-31/Cx	mutL	mutL_R	R	20	EXACT	0		0	0	NZ_CP166114.1	+	648518	648537	1
primary	GCF_047416065.1	K/UW-31/Cx	mutL	mutL_probe	probe	22	EXACT	0		0	0	NZ_CP166114.1	-	648576	648597	1
primary	GCF_047416065.1	K/UW-31/Cx	aroB_primary	aroB_F	F	20	EXACT	0		0	0	NZ_CP166114.1	+	421306	421325	1
primary	GCF_047416065.1	K/UW-31/Cx	aroB_primary	aroB_R	R	20	EXACT	0		0	0	NZ_CP166114.1	-	421430	421449	1
primary	GCF_047416065.1	K/UW-31/Cx	aroB_primary	aroB_probe	probe	25	EXACT	0		0	0	NZ_CP166114.1	+	421396	421420	1
primary	GCF_047416065.1	K/UW-31/Cx	aroB_alt1	aroB_alt1_F	F	19	EXACT	0		0	0	NZ_CP166114.1	+	420955	420973	1
primary	GCF_047416065.1	K/UW-31/Cx	aroB_alt1	aroB_alt1_R	R	20	EXACT	0		0	0	NZ_CP166114.1	-	421036	421055	1
primary	GCF_047416065.1	K/UW-31/Cx	aroB_alt1	aroB_alt1_probe	probe	27	EXACT	0		0	0	NZ_CP166114.1	+	420974	421000	1
primary	GCF_047416065.1	K/UW-31/Cx	aroB_alt2	aroB_alt2_F	F	21	EXACT	0		0	0	NZ_CP166114.1	+	421931	421951	1
primary	GCF_047416065.1	K/UW-31/Cx	aroB_alt2	aroB_alt2_R	R	20	EXACT	0		0	0	NZ_CP166114.1	-	421993	422012	1
primary	GCF_047416065.1	K/UW-31/Cx	aroB_alt2	aroB_alt2_probe	probe	25	EXACT	0		0	0	NZ_CP166114.1	+	421963	421987	1
primary	GCF_047416065.1	K/UW-31/Cx	PSD2_primary	PSD2_F	F	20	EXACT	0		0	0	NZ_CP166114.1	+	803287	803306	1
primary	GCF_047416065.1	K/UW-31/Cx	PSD2_primary	PSD2_R	R	20	EXACT	0		0	0	NZ_CP166114.1	-	803481	803500	1
primary	GCF_047416065.1	K/UW-31/Cx	PSD2_primary	PSD2_probe	probe	22	EXACT	0		0	0	NZ_CP166114.1	+	803435	803456	1
primary	GCF_047416065.1	K/UW-31/Cx	PSD2_alt1	PSD2_alt1_F	F	20	EXACT	0		0	0	NZ_CP166114.1	+	802870	802889	1
primary	GCF_047416065.1	K/UW-31/Cx	PSD2_alt1	PSD2_alt1_R	R	19	EXACT	0		0	0	NZ_CP166114.1	-	802933	802951	1
primary	GCF_047416065.1	K/UW-31/Cx	PSD2_alt1	PSD2_alt1_probe	probe	28	EXACT	0		0	0	NZ_CP166114.1	+	802905	802932	1
primary	GCF_047416065.1	K/UW-31/Cx	group_306	group_306_F	F	20	EXACT	0		0	0	NZ_CP166114.1	-	1015805	1015824	1
primary	GCF_047416065.1	K/UW-31/Cx	group_306	group_306_R	R	20	EXACT	0		0	0	NZ_CP166114.1	+	1015735	1015754	1
primary	GCF_047416065.1	K/UW-31/Cx	group_306	group_306_probe	probe	22	EXACT	0		0	0	NZ_CP166114.1	-	1015757	1015778	1
primary	GCF_047417355.1	J/UW-36/Cx	mutL	mutL_F	F	20	EXACT	0		0	0	NZ_CP166116.1	-	654476	654495	1
primary	GCF_047417355.1	J/UW-36/Cx	mutL	mutL_R	R	20	EXACT	0		0	0	NZ_CP166116.1	+	654369	654388	1
primary	GCF_047417355.1	J/UW-36/Cx	mutL	mutL_probe	probe	22	EXACT	0		0	0	NZ_CP166116.1	-	654427	654448	1
primary	GCF_047417355.1	J/UW-36/Cx	aroB_primary	aroB_F	F	20	EXACT	0		0	0	NZ_CP166116.1	+	427776	427795	1
primary	GCF_047417355.1	J/UW-36/Cx	aroB_primary	aroB_R	R	20	EXACT	0		0	0	NZ_CP166116.1	-	427900	427919	1
primary	GCF_047417355.1	J/UW-36/Cx	aroB_primary	aroB_probe	probe	25	EXACT	0		0	0	NZ_CP166116.1	+	427866	427890	1
primary	GCF_047417355.1	J/UW-36/Cx	aroB_alt1	aroB_alt1_F	F	19	EXACT	0		0	0	NZ_CP166116.1	+	427425	427443	1
primary	GCF_047417355.1	J/UW-36/Cx	aroB_alt1	aroB_alt1_R	R	20	EXACT	0		0	0	NZ_CP166116.1	-	427506	427525	1
primary	GCF_047417355.1	J/UW-36/Cx	aroB_alt1	aroB_alt1_probe	probe	27	EXACT	0		0	0	NZ_CP166116.1	+	427444	427470	1
primary	GCF_047417355.1	J/UW-36/Cx	aroB_alt2	aroB_alt2_F	F	21	EXACT	0		0	0	NZ_CP166116.1	+	428401	428421	1
primary	GCF_047417355.1	J/UW-36/Cx	aroB_alt2	aroB_alt2_R	R	20	EXACT	0		0	0	NZ_CP166116.1	-	428463	428482	1
primary	GCF_047417355.1	J/UW-36/Cx	aroB_alt2	aroB_alt2_probe	probe	25	EXACT	0		0	0	NZ_CP166116.1	+	428433	428457	1
primary	GCF_047417355.1	J/UW-36/Cx	PSD2_primary	PSD2_F	F	20	EXACT	0		0	0	NZ_CP166116.1	+	809145	809164	1
primary	GCF_047417355.1	J/UW-36/Cx	PSD2_primary	PSD2_R	R	20	EXACT	0		0	0	NZ_CP166116.1	-	809339	809358	1
primary	GCF_047417355.1	J/UW-36/Cx	PSD2_primary	PSD2_probe	probe	22	EXACT	0		0	0	NZ_CP166116.1	+	809293	809314	1
primary	GCF_047417355.1	J/UW-36/Cx	PSD2_alt1	PSD2_alt1_F	F	20	EXACT	0		0	0	NZ_CP166116.1	+	808728	808747	1
primary	GCF_047417355.1	J/UW-36/Cx	PSD2_alt1	PSD2_alt1_R	R	19	EXACT	0		0	0	NZ_CP166116.1	-	808791	808809	1
primary	GCF_047417355.1	J/UW-36/Cx	PSD2_alt1	PSD2_alt1_probe	probe	28	EXACT	0		0	0	NZ_CP166116.1	+	808763	808790	1
primary	GCF_047417355.1	J/UW-36/Cx	group_306	group_306_F	F	20	EXACT	0		0	0	NZ_CP166116.1	-	1021665	1021684	1
primary	GCF_047417355.1	J/UW-36/Cx	group_306	group_306_R	R	20	EXACT	0		0	0	NZ_CP166116.1	+	1021595	1021614	1
primary	GCF_047417355.1	J/UW-36/Cx	group_306	group_306_probe	probe	22	EXACT	0		0	0	NZ_CP166116.1	-	1021617	1021638	1
primary	GCF_047417365.1	Ia/UW-202	mutL	mutL_F	F	20	EXACT	0		0	0	NZ_CP166117.1	-	648912	648931	1
primary	GCF_047417365.1	Ia/UW-202	mutL	mutL_R	R	20	EXACT	0		0	0	NZ_CP166117.1	+	648805	648824	1
primary	GCF_047417365.1	Ia/UW-202	mutL	mutL_probe	probe	22	EXACT	0		0	0	NZ_CP166117.1	-	648863	648884	1
primary	GCF_047417365.1	Ia/UW-202	aroB_primary	aroB_F	F	20	EXACT	0		0	0	NZ_CP166117.1	+	422421	422440	1
primary	GCF_047417365.1	Ia/UW-202	aroB_primary	aroB_R	R	20	EXACT	0		0	0	NZ_CP166117.1	-	422545	422564	1
primary	GCF_047417365.1	Ia/UW-202	aroB_primary	aroB_probe	probe	25	EXACT	0		0	0	NZ_CP166117.1	+	422511	422535	1
primary	GCF_047417365.1	Ia/UW-202	aroB_alt1	aroB_alt1_F	F	19	EXACT	0		0	0	NZ_CP166117.1	+	422070	422088	1
primary	GCF_047417365.1	Ia/UW-202	aroB_alt1	aroB_alt1_R	R	20	EXACT	0		0	0	NZ_CP166117.1	-	422151	422170	1
primary	GCF_047417365.1	Ia/UW-202	aroB_alt1	aroB_alt1_probe	probe	27	EXACT	0		0	0	NZ_CP166117.1	+	422089	422115	1
primary	GCF_047417365.1	Ia/UW-202	aroB_alt2	aroB_alt2_F	F	21	EXACT	0		0	0	NZ_CP166117.1	+	423046	423066	1
primary	GCF_047417365.1	Ia/UW-202	aroB_alt2	aroB_alt2_R	R	20	EXACT	0		0	0	NZ_CP166117.1	-	423108	423127	1
primary	GCF_047417365.1	Ia/UW-202	aroB_alt2	aroB_alt2_probe	probe	25	EXACT	0		0	0	NZ_CP166117.1	+	423078	423102	1
primary	GCF_047417365.1	Ia/UW-202	PSD2_primary	PSD2_F	F	20	EXACT	0		0	0	NZ_CP166117.1	+	803597	803616	1
primary	GCF_047417365.1	Ia/UW-202	PSD2_primary	PSD2_R	R	20	EXACT	0		0	0	NZ_CP166117.1	-	803791	803810	1
primary	GCF_047417365.1	Ia/UW-202	PSD2_primary	PSD2_probe	probe	22	EXACT	0		0	0	NZ_CP166117.1	+	803745	803766	1
primary	GCF_047417365.1	Ia/UW-202	PSD2_alt1	PSD2_alt1_F	F	20	EXACT	0		0	0	NZ_CP166117.1	+	803180	803199	1
primary	GCF_047417365.1	Ia/UW-202	PSD2_alt1	PSD2_alt1_R	R	19	EXACT	0		0	0	NZ_CP166117.1	-	803243	803261	1
primary	GCF_047417365.1	Ia/UW-202	PSD2_alt1	PSD2_alt1_probe	probe	28	EXACT	0		0	0	NZ_CP166117.1	+	803215	803242	1
primary	GCF_047417365.1	Ia/UW-202	group_306	group_306_F	F	20	EXACT	0		0	0	NZ_CP166117.1	-	1016112	1016131	1
primary	GCF_047417365.1	Ia/UW-202	group_306	group_306_R	R	20	EXACT	0		0	0	NZ_CP166117.1	+	1016042	1016061	1
primary	GCF_047417365.1	Ia/UW-202	group_306	group_306_probe	probe	22	EXACT	0		0	0	NZ_CP166117.1	-	1016064	1016085	1
primary	GCF_047417375.1	Ja/UW-92	mutL	mutL_F	F	20	EXACT	0		0	0	NZ_CP166115.1	-	648328	648347	1
primary	GCF_047417375.1	Ja/UW-92	mutL	mutL_R	R	20	EXACT	0		0	0	NZ_CP166115.1	+	648221	648240	1
primary	GCF_047417375.1	Ja/UW-92	mutL	mutL_probe	probe	22	EXACT	0		0	0	NZ_CP166115.1	-	648279	648300	2
primary	GCF_047417375.1	Ja/UW-92	aroB_primary	aroB_F	F	20	EXACT	0		0	0	NZ_CP166115.1	+	421726	421745	1
primary	GCF_047417375.1	Ja/UW-92	aroB_primary	aroB_R	R	20	EXACT	0		0	0	NZ_CP166115.1	-	421850	421869	1
primary	GCF_047417375.1	Ja/UW-92	aroB_primary	aroB_probe	probe	25	EXACT	0		0	0	NZ_CP166115.1	+	421816	421840	1
primary	GCF_047417375.1	Ja/UW-92	aroB_alt1	aroB_alt1_F	F	19	EXACT	0		0	0	NZ_CP166115.1	+	421375	421393	1
primary	GCF_047417375.1	Ja/UW-92	aroB_alt1	aroB_alt1_R	R	20	EXACT	0		0	0	NZ_CP166115.1	-	421456	421475	1
primary	GCF_047417375.1	Ja/UW-92	aroB_alt1	aroB_alt1_probe	probe	27	EXACT	0		0	0	NZ_CP166115.1	+	421394	421420	1
primary	GCF_047417375.1	Ja/UW-92	aroB_alt2	aroB_alt2_F	F	21	EXACT	0		0	0	NZ_CP166115.1	+	422351	422371	1
primary	GCF_047417375.1	Ja/UW-92	aroB_alt2	aroB_alt2_R	R	20	EXACT	0		0	0	NZ_CP166115.1	-	422413	422432	1
primary	GCF_047417375.1	Ja/UW-92	aroB_alt2	aroB_alt2_probe	probe	25	EXACT	0		0	0	NZ_CP166115.1	+	422383	422407	1
primary	GCF_047417375.1	Ja/UW-92	PSD2_primary	PSD2_F	F	20	EXACT	0		0	0	NZ_CP166115.1	+	803102	803121	1
primary	GCF_047417375.1	Ja/UW-92	PSD2_primary	PSD2_R	R	20	EXACT	0		0	0	NZ_CP166115.1	-	803296	803315	1
primary	GCF_047417375.1	Ja/UW-92	PSD2_primary	PSD2_probe	probe	22	EXACT	0		0	0	NZ_CP166115.1	+	803250	803271	1
primary	GCF_047417375.1	Ja/UW-92	PSD2_alt1	PSD2_alt1_F	F	20	EXACT	0		0	0	NZ_CP166115.1	+	802685	802704	1
primary	GCF_047417375.1	Ja/UW-92	PSD2_alt1	PSD2_alt1_R	R	19	EXACT	0		0	0	NZ_CP166115.1	-	802748	802766	1
primary	GCF_047417375.1	Ja/UW-92	PSD2_alt1	PSD2_alt1_probe	probe	28	EXACT	0		0	0	NZ_CP166115.1	+	802720	802747	1
primary	GCF_047417375.1	Ja/UW-92	group_306	group_306_F	F	20	EXACT	0		0	0	NZ_CP166115.1	-	1015662	1015681	1
primary	GCF_047417375.1	Ja/UW-92	group_306	group_306_R	R	20	EXACT	0		0	0	NZ_CP166115.1	+	1015592	1015611	1
primary	GCF_047417375.1	Ja/UW-92	group_306	group_306_probe	probe	22	EXACT	0		0	0	NZ_CP166115.1	-	1015614	1015635	1
primary	GCF_047418505.1	G/UW-57/Cx	mutL	mutL_F	F	20	EXACT	0		0	0	NZ_CP166120.1	-	648000	648019	1
primary	GCF_047418505.1	G/UW-57/Cx	mutL	mutL_R	R	20	EXACT	0		0	0	NZ_CP166120.1	+	647893	647912	1
primary	GCF_047418505.1	G/UW-57/Cx	mutL	mutL_probe	probe	22	EXACT	0		0	0	NZ_CP166120.1	-	647951	647972	1
primary	GCF_047418505.1	G/UW-57/Cx	aroB_primary	aroB_F	F	20	EXACT	0		0	0	NZ_CP166120.1	+	421306	421325	1
primary	GCF_047418505.1	G/UW-57/Cx	aroB_primary	aroB_R	R	20	EXACT	0		0	0	NZ_CP166120.1	-	421430	421449	1
primary	GCF_047418505.1	G/UW-57/Cx	aroB_primary	aroB_probe	probe	25	EXACT	0		0	0	NZ_CP166120.1	+	421396	421420	1
primary	GCF_047418505.1	G/UW-57/Cx	aroB_alt1	aroB_alt1_F	F	19	EXACT	0		0	0	NZ_CP166120.1	+	420955	420973	1
primary	GCF_047418505.1	G/UW-57/Cx	aroB_alt1	aroB_alt1_R	R	20	EXACT	0		0	0	NZ_CP166120.1	-	421036	421055	1
primary	GCF_047418505.1	G/UW-57/Cx	aroB_alt1	aroB_alt1_probe	probe	27	EXACT	0		0	0	NZ_CP166120.1	+	420974	421000	1
primary	GCF_047418505.1	G/UW-57/Cx	aroB_alt2	aroB_alt2_F	F	21	EXACT	0		0	0	NZ_CP166120.1	+	421931	421951	1
primary	GCF_047418505.1	G/UW-57/Cx	aroB_alt2	aroB_alt2_R	R	20	EXACT	0		0	0	NZ_CP166120.1	-	421993	422012	1
primary	GCF_047418505.1	G/UW-57/Cx	aroB_alt2	aroB_alt2_probe	probe	25	EXACT	0		0	0	NZ_CP166120.1	+	421963	421987	1
primary	GCF_047418505.1	G/UW-57/Cx	PSD2_primary	PSD2_F	F	20	EXACT	0		0	0	NZ_CP166120.1	+	802663	802682	1
primary	GCF_047418505.1	G/UW-57/Cx	PSD2_primary	PSD2_R	R	20	EXACT	0		0	0	NZ_CP166120.1	-	802857	802876	1
primary	GCF_047418505.1	G/UW-57/Cx	PSD2_primary	PSD2_probe	probe	22	EXACT	0		0	0	NZ_CP166120.1	+	802811	802832	1
primary	GCF_047418505.1	G/UW-57/Cx	PSD2_alt1	PSD2_alt1_F	F	20	EXACT	0		0	0	NZ_CP166120.1	+	802246	802265	1
primary	GCF_047418505.1	G/UW-57/Cx	PSD2_alt1	PSD2_alt1_R	R	19	EXACT	0		0	0	NZ_CP166120.1	-	802309	802327	1
primary	GCF_047418505.1	G/UW-57/Cx	PSD2_alt1	PSD2_alt1_probe	probe	28	EXACT	0		0	0	NZ_CP166120.1	+	802281	802308	1
primary	GCF_047418505.1	G/UW-57/Cx	group_306	group_306_F	F	20	EXACT	0		0	0	NZ_CP166120.1	-	1015168	1015187	1
primary	GCF_047418505.1	G/UW-57/Cx	group_306	group_306_R	R	20	EXACT	0		0	0	NZ_CP166120.1	+	1015098	1015117	1
primary	GCF_047418505.1	G/UW-57/Cx	group_306	group_306_probe	probe	22	EXACT	0		0	0	NZ_CP166120.1	-	1015120	1015141	1
primary	GCF_047418515.1	H/UW-4/Cx	mutL	mutL_F	F	20	EXACT	0		0	0	NZ_CP166119.1	-	814714	814733	1
primary	GCF_047418515.1	H/UW-4/Cx	mutL	mutL_R	R	20	EXACT	0		0	0	NZ_CP166119.1	+	814607	814626	1
primary	GCF_047418515.1	H/UW-4/Cx	mutL	mutL_probe	probe	22	EXACT	0		0	0	NZ_CP166119.1	-	814665	814686	1
primary	GCF_047418515.1	H/UW-4/Cx	aroB_primary	aroB_F	F	20	EXACT	0		0	0	NZ_CP166119.1	+	588387	588406	1
primary	GCF_047418515.1	H/UW-4/Cx	aroB_primary	aroB_R	R	20	EXACT	0		0	0	NZ_CP166119.1	-	588511	588530	1
primary	GCF_047418515.1	H/UW-4/Cx	aroB_primary	aroB_probe	probe	25	EXACT	0		0	0	NZ_CP166119.1	+	588477	588501	1
primary	GCF_047418515.1	H/UW-4/Cx	aroB_alt1	aroB_alt1_F	F	19	EXACT	0		0	0	NZ_CP166119.1	+	588036	588054	1
primary	GCF_047418515.1	H/UW-4/Cx	aroB_alt1	aroB_alt1_R	R	20	EXACT	0		0	0	NZ_CP166119.1	-	588117	588136	1
primary	GCF_047418515.1	H/UW-4/Cx	aroB_alt1	aroB_alt1_probe	probe	27	EXACT	0		0	0	NZ_CP166119.1	+	588055	588081	1
primary	GCF_047418515.1	H/UW-4/Cx	aroB_alt2	aroB_alt2_F	F	21	EXACT	0		0	0	NZ_CP166119.1	+	589012	589032	1
primary	GCF_047418515.1	H/UW-4/Cx	aroB_alt2	aroB_alt2_R	R	20	EXACT	0		0	0	NZ_CP166119.1	-	589074	589093	1
primary	GCF_047418515.1	H/UW-4/Cx	aroB_alt2	aroB_alt2_probe	probe	25	EXACT	0		0	0	NZ_CP166119.1	+	589044	589068	1
primary	GCF_047418515.1	H/UW-4/Cx	PSD2_primary	PSD2_F	F	20	EXACT	0		0	0	NZ_CP166119.1	+	969393	969412	1
primary	GCF_047418515.1	H/UW-4/Cx	PSD2_primary	PSD2_R	R	20	EXACT	0		0	0	NZ_CP166119.1	-	969587	969606	1
primary	GCF_047418515.1	H/UW-4/Cx	PSD2_primary	PSD2_probe	probe	22	EXACT	0		0	0	NZ_CP166119.1	+	969541	969562	1
primary	GCF_047418515.1	H/UW-4/Cx	PSD2_alt1	PSD2_alt1_F	F	20	EXACT	0		0	0	NZ_CP166119.1	+	968976	968995	1
primary	GCF_047418515.1	H/UW-4/Cx	PSD2_alt1	PSD2_alt1_R	R	19	EXACT	0		0	0	NZ_CP166119.1	-	969039	969057	1
primary	GCF_047418515.1	H/UW-4/Cx	PSD2_alt1	PSD2_alt1_probe	probe	28	EXACT	0		0	0	NZ_CP166119.1	+	969011	969038	1
primary	GCF_047418515.1	H/UW-4/Cx	group_306	group_306_F	F	20	EXACT	0		0	0	NZ_CP166119.1	-	133866	133885	1
primary	GCF_047418515.1	H/UW-4/Cx	group_306	group_306_R	R	20	EXACT	0		0	0	NZ_CP166119.1	+	133796	133815	1
primary	GCF_047418515.1	H/UW-4/Cx	group_306	group_306_probe	probe	22	EXACT	0		0	0	NZ_CP166119.1	-	133818	133839	1
primary	GCF_047418525.1	I/UW-12/UR	mutL	mutL_F	F	20	EXACT	0		0	0	NZ_CP166118.1	-	649191	649210	1
primary	GCF_047418525.1	I/UW-12/UR	mutL	mutL_R	R	20	EXACT	0		0	0	NZ_CP166118.1	+	649084	649103	1
primary	GCF_047418525.1	I/UW-12/UR	mutL	mutL_probe	probe	22	EXACT	0		0	0	NZ_CP166118.1	-	649142	649163	1
primary	GCF_047418525.1	I/UW-12/UR	aroB_primary	aroB_F	F	20	EXACT	0		0	0	NZ_CP166118.1	+	422536	422555	1
primary	GCF_047418525.1	I/UW-12/UR	aroB_primary	aroB_R	R	20	EXACT	0		0	0	NZ_CP166118.1	-	422660	422679	1
primary	GCF_047418525.1	I/UW-12/UR	aroB_primary	aroB_probe	probe	25	EXACT	0		0	0	NZ_CP166118.1	+	422626	422650	1
primary	GCF_047418525.1	I/UW-12/UR	aroB_alt1	aroB_alt1_F	F	19	EXACT	0		0	0	NZ_CP166118.1	+	422185	422203	1
primary	GCF_047418525.1	I/UW-12/UR	aroB_alt1	aroB_alt1_R	R	20	EXACT	0		0	0	NZ_CP166118.1	-	422266	422285	1
primary	GCF_047418525.1	I/UW-12/UR	aroB_alt1	aroB_alt1_probe	probe	27	EXACT	0		0	0	NZ_CP166118.1	+	422204	422230	1
primary	GCF_047418525.1	I/UW-12/UR	aroB_alt2	aroB_alt2_F	F	21	EXACT	0		0	0	NZ_CP166118.1	+	423161	423181	1
primary	GCF_047418525.1	I/UW-12/UR	aroB_alt2	aroB_alt2_R	R	20	EXACT	0		0	0	NZ_CP166118.1	-	423223	423242	1
primary	GCF_047418525.1	I/UW-12/UR	aroB_alt2	aroB_alt2_probe	probe	25	EXACT	0		0	0	NZ_CP166118.1	+	423193	423217	1
primary	GCF_047418525.1	I/UW-12/UR	PSD2_primary	PSD2_F	F	20	EXACT	0		0	0	NZ_CP166118.1	+	803916	803935	1
primary	GCF_047418525.1	I/UW-12/UR	PSD2_primary	PSD2_R	R	20	EXACT	0		0	0	NZ_CP166118.1	-	804110	804129	1
primary	GCF_047418525.1	I/UW-12/UR	PSD2_primary	PSD2_probe	probe	22	EXACT	0		0	0	NZ_CP166118.1	+	804064	804085	1
primary	GCF_047418525.1	I/UW-12/UR	PSD2_alt1	PSD2_alt1_F	F	20	EXACT	0		0	0	NZ_CP166118.1	+	803499	803518	1
primary	GCF_047418525.1	I/UW-12/UR	PSD2_alt1	PSD2_alt1_R	R	19	EXACT	0		0	0	NZ_CP166118.1	-	803562	803580	1
primary	GCF_047418525.1	I/UW-12/UR	PSD2_alt1	PSD2_alt1_probe	probe	28	EXACT	0		0	0	NZ_CP166118.1	+	803534	803561	1
primary	GCF_047418525.1	I/UW-12/UR	group_306	group_306_F	F	20	EXACT	0		0	0	NZ_CP166118.1	-	1016440	1016459	1
primary	GCF_047418525.1	I/UW-12/UR	group_306	group_306_R	R	20	EXACT	0		0	0	NZ_CP166118.1	+	1016370	1016389	1
primary	GCF_047418525.1	I/UW-12/UR	group_306	group_306_probe	probe	22	EXACT	0		0	0	NZ_CP166118.1	-	1016392	1016413	1
primary	GCF_047419415.1	F/IC-Cal-13	mutL	mutL_F	F	20	EXACT	0		0	0	NZ_CP166121.1	-	648865	648884	1
primary	GCF_047419415.1	F/IC-Cal-13	mutL	mutL_R	R	20	EXACT	0		0	0	NZ_CP166121.1	+	648758	648777	1
primary	GCF_047419415.1	F/IC-Cal-13	mutL	mutL_probe	probe	22	EXACT	0		0	0	NZ_CP166121.1	-	648816	648837	2
primary	GCF_047419415.1	F/IC-Cal-13	aroB_primary	aroB_F	F	20	EXACT	0		0	0	NZ_CP166121.1	+	422120	422139	1
primary	GCF_047419415.1	F/IC-Cal-13	aroB_primary	aroB_R	R	20	EXACT	0		0	0	NZ_CP166121.1	-	422244	422263	1
primary	GCF_047419415.1	F/IC-Cal-13	aroB_primary	aroB_probe	probe	25	EXACT	0		0	0	NZ_CP166121.1	+	422210	422234	1
primary	GCF_047419415.1	F/IC-Cal-13	aroB_alt1	aroB_alt1_F	F	19	EXACT	0		0	0	NZ_CP166121.1	+	421769	421787	1
primary	GCF_047419415.1	F/IC-Cal-13	aroB_alt1	aroB_alt1_R	R	20	EXACT	0		0	0	NZ_CP166121.1	-	421850	421869	1
primary	GCF_047419415.1	F/IC-Cal-13	aroB_alt1	aroB_alt1_probe	probe	27	EXACT	0		0	0	NZ_CP166121.1	+	421788	421814	1
primary	GCF_047419415.1	F/IC-Cal-13	aroB_alt2	aroB_alt2_F	F	21	EXACT	0		0	0	NZ_CP166121.1	+	422745	422765	1
primary	GCF_047419415.1	F/IC-Cal-13	aroB_alt2	aroB_alt2_R	R	20	EXACT	0		0	0	NZ_CP166121.1	-	422807	422826	1
primary	GCF_047419415.1	F/IC-Cal-13	aroB_alt2	aroB_alt2_probe	probe	25	EXACT	0		0	0	NZ_CP166121.1	+	422777	422801	1
primary	GCF_047419415.1	F/IC-Cal-13	PSD2_primary	PSD2_F	F	20	EXACT	0		0	0	NZ_CP166121.1	+	803523	803542	1
primary	GCF_047419415.1	F/IC-Cal-13	PSD2_primary	PSD2_R	R	20	EXACT	0		0	0	NZ_CP166121.1	-	803717	803736	1
primary	GCF_047419415.1	F/IC-Cal-13	PSD2_primary	PSD2_probe	probe	22	EXACT	0		0	0	NZ_CP166121.1	+	803671	803692	1
primary	GCF_047419415.1	F/IC-Cal-13	PSD2_alt1	PSD2_alt1_F	F	20	EXACT	0		0	0	NZ_CP166121.1	+	803106	803125	1
primary	GCF_047419415.1	F/IC-Cal-13	PSD2_alt1	PSD2_alt1_R	R	19	EXACT	0		0	0	NZ_CP166121.1	-	803169	803187	1
primary	GCF_047419415.1	F/IC-Cal-13	PSD2_alt1	PSD2_alt1_probe	probe	28	EXACT	0		0	0	NZ_CP166121.1	+	803141	803168	1
primary	GCF_047419415.1	F/IC-Cal-13	group_306	group_306_F	F	20	EXACT	0		0	0	NZ_CP166121.1	-	1016089	1016108	1
primary	GCF_047419415.1	F/IC-Cal-13	group_306	group_306_R	R	20	EXACT	0		0	0	NZ_CP166121.1	+	1016019	1016038	1
primary	GCF_047419415.1	F/IC-Cal-13	group_306	group_306_probe	probe	22	EXACT	0		0	0	NZ_CP166121.1	-	1016041	1016062	1
primary	GCF_047419425.1	E/bour	mutL	mutL_F	F	20	EXACT	0		0	0	NZ_CP166122.1	-	648098	648117	1
primary	GCF_047419425.1	E/bour	mutL	mutL_R	R	20	EXACT	0		0	0	NZ_CP166122.1	+	647991	648010	1
primary	GCF_047419425.1	E/bour	mutL	mutL_probe	probe	22	EXACT	0		0	0	NZ_CP166122.1	-	648049	648070	1
primary	GCF_047419425.1	E/bour	aroB_primary	aroB_F	F	20	EXACT	0		0	0	NZ_CP166122.1	+	421497	421516	1
primary	GCF_047419425.1	E/bour	aroB_primary	aroB_R	R	20	EXACT	0		0	0	NZ_CP166122.1	-	421621	421640	1
primary	GCF_047419425.1	E/bour	aroB_primary	aroB_probe	probe	25	EXACT	0		0	0	NZ_CP166122.1	+	421587	421611	1
primary	GCF_047419425.1	E/bour	aroB_alt1	aroB_alt1_F	F	19	EXACT	0		0	0	NZ_CP166122.1	+	421146	421164	1
primary	GCF_047419425.1	E/bour	aroB_alt1	aroB_alt1_R	R	20	EXACT	0		0	0	NZ_CP166122.1	-	421227	421246	1
primary	GCF_047419425.1	E/bour	aroB_alt1	aroB_alt1_probe	probe	27	EXACT	0		0	0	NZ_CP166122.1	+	421165	421191	1
primary	GCF_047419425.1	E/bour	aroB_alt2	aroB_alt2_F	F	21	EXACT	0		0	0	NZ_CP166122.1	+	422122	422142	1
primary	GCF_047419425.1	E/bour	aroB_alt2	aroB_alt2_R	R	20	EXACT	0		0	0	NZ_CP166122.1	-	422184	422203	1
primary	GCF_047419425.1	E/bour	aroB_alt2	aroB_alt2_probe	probe	25	EXACT	0		0	0	NZ_CP166122.1	+	422154	422178	1
primary	GCF_047419425.1	E/bour	PSD2_primary	PSD2_F	F	20	EXACT	0		0	0	NZ_CP166122.1	+	802775	802794	1
primary	GCF_047419425.1	E/bour	PSD2_primary	PSD2_R	R	20	EXACT	0		0	0	NZ_CP166122.1	-	802969	802988	1
primary	GCF_047419425.1	E/bour	PSD2_primary	PSD2_probe	probe	22	EXACT	0		0	0	NZ_CP166122.1	+	802923	802944	1
primary	GCF_047419425.1	E/bour	PSD2_alt1	PSD2_alt1_F	F	20	EXACT	0		0	0	NZ_CP166122.1	+	802358	802377	1
primary	GCF_047419425.1	E/bour	PSD2_alt1	PSD2_alt1_R	R	19	EXACT	0		0	0	NZ_CP166122.1	-	802421	802439	1
primary	GCF_047419425.1	E/bour	PSD2_alt1	PSD2_alt1_probe	probe	28	EXACT	0		0	0	NZ_CP166122.1	+	802393	802420	1
primary	GCF_047419425.1	E/bour	group_306	group_306_F	F	20	EXACT	0		0	0	NZ_CP166122.1	-	1015335	1015354	1
primary	GCF_047419425.1	E/bour	group_306	group_306_R	R	20	EXACT	0		0	0	NZ_CP166122.1	+	1015265	1015284	1
primary	GCF_047419425.1	E/bour	group_306	group_306_probe	probe	22	EXACT	0		0	0	NZ_CP166122.1	-	1015287	1015308	1
primary	GCF_047419435.1	Da/TW-448	mutL	mutL_F	F	20	EXACT	0		0	0	NZ_CP166123.1	-	808830	808849	1
primary	GCF_047419435.1	Da/TW-448	mutL	mutL_R	R	20	EXACT	0		0	0	NZ_CP166123.1	+	808723	808742	1
primary	GCF_047419435.1	Da/TW-448	mutL	mutL_probe	probe	22	EXACT	0		0	0	NZ_CP166123.1	-	808781	808802	2
primary	GCF_047419435.1	Da/TW-448	aroB_primary	aroB_F	F	20	EXACT	0		0	0	NZ_CP166123.1	+	582583	582602	1
primary	GCF_047419435.1	Da/TW-448	aroB_primary	aroB_R	R	20	EXACT	0		0	0	NZ_CP166123.1	-	582707	582726	1
primary	GCF_047419435.1	Da/TW-448	aroB_primary	aroB_probe	probe	25	EXACT	0		0	0	NZ_CP166123.1	+	582673	582697	1
primary	GCF_047419435.1	Da/TW-448	aroB_alt1	aroB_alt1_F	F	19	EXACT	0		0	0	NZ_CP166123.1	+	582232	582250	1
primary	GCF_047419435.1	Da/TW-448	aroB_alt1	aroB_alt1_R	R	20	EXACT	0		0	0	NZ_CP166123.1	-	582313	582332	1
primary	GCF_047419435.1	Da/TW-448	aroB_alt1	aroB_alt1_probe	probe	27	EXACT	0		0	0	NZ_CP166123.1	+	582251	582277	1
primary	GCF_047419435.1	Da/TW-448	aroB_alt2	aroB_alt2_F	F	21	EXACT	0		0	0	NZ_CP166123.1	+	583208	583228	1
primary	GCF_047419435.1	Da/TW-448	aroB_alt2	aroB_alt2_R	R	20	EXACT	0		0	0	NZ_CP166123.1	-	583270	583289	1
primary	GCF_047419435.1	Da/TW-448	aroB_alt2	aroB_alt2_probe	probe	25	EXACT	0		0	0	NZ_CP166123.1	+	583240	583264	1
primary	GCF_047419435.1	Da/TW-448	PSD2_primary	PSD2_F	F	20	EXACT	0		0	0	NZ_CP166123.1	+	963504	963523	1
primary	GCF_047419435.1	Da/TW-448	PSD2_primary	PSD2_R	R	20	EXACT	0		0	0	NZ_CP166123.1	-	963698	963717	1
primary	GCF_047419435.1	Da/TW-448	PSD2_primary	PSD2_probe	probe	22	EXACT	0		0	0	NZ_CP166123.1	+	963652	963673	1
primary	GCF_047419435.1	Da/TW-448	PSD2_alt1	PSD2_alt1_F	F	20	EXACT	0		0	0	NZ_CP166123.1	+	963087	963106	1
primary	GCF_047419435.1	Da/TW-448	PSD2_alt1	PSD2_alt1_R	R	19	EXACT	0		0	0	NZ_CP166123.1	-	963150	963168	1
primary	GCF_047419435.1	Da/TW-448	PSD2_alt1	PSD2_alt1_probe	probe	28	EXACT	0		0	0	NZ_CP166123.1	+	963122	963149	1
primary	GCF_047419435.1	Da/TW-448	group_306	group_306_F	F	20	EXACT	0		0	0	NZ_CP166123.1	-	133861	133880	1
primary	GCF_047419435.1	Da/TW-448	group_306	group_306_R	R	20	EXACT	0		0	0	NZ_CP166123.1	+	133791	133810	1
primary	GCF_047419435.1	Da/TW-448	group_306	group_306_probe	probe	22	EXACT	0		0	0	NZ_CP166123.1	-	133813	133834	1
primary	GCF_047420685.1	D/UW-3/Cx	mutL	mutL_F	F	20	EXACT	0		0	0	NZ_CP166124.1	-	647997	648016	1
primary	GCF_047420685.1	D/UW-3/Cx	mutL	mutL_R	R	20	EXACT	0		0	0	NZ_CP166124.1	+	647890	647909	1
primary	GCF_047420685.1	D/UW-3/Cx	mutL	mutL_probe	probe	22	EXACT	0		0	0	NZ_CP166124.1	-	647948	647969	1
primary	GCF_047420685.1	D/UW-3/Cx	aroB_primary	aroB_F	F	20	EXACT	0		0	0	NZ_CP166124.1	+	421305	421324	1
primary	GCF_047420685.1	D/UW-3/Cx	aroB_primary	aroB_R	R	20	EXACT	0		0	0	NZ_CP166124.1	-	421429	421448	1
primary	GCF_047420685.1	D/UW-3/Cx	aroB_primary	aroB_probe	probe	25	EXACT	0		0	0	NZ_CP166124.1	+	421395	421419	1
primary	GCF_047420685.1	D/UW-3/Cx	aroB_alt1	aroB_alt1_F	F	19	EXACT	0		0	0	NZ_CP166124.1	+	420954	420972	1
primary	GCF_047420685.1	D/UW-3/Cx	aroB_alt1	aroB_alt1_R	R	20	EXACT	0		0	0	NZ_CP166124.1	-	421035	421054	1
primary	GCF_047420685.1	D/UW-3/Cx	aroB_alt1	aroB_alt1_probe	probe	27	EXACT	0		0	0	NZ_CP166124.1	+	420973	420999	1
primary	GCF_047420685.1	D/UW-3/Cx	aroB_alt2	aroB_alt2_F	F	21	EXACT	0		0	0	NZ_CP166124.1	+	421930	421950	1
primary	GCF_047420685.1	D/UW-3/Cx	aroB_alt2	aroB_alt2_R	R	20	EXACT	0		0	0	NZ_CP166124.1	-	421992	422011	1
primary	GCF_047420685.1	D/UW-3/Cx	aroB_alt2	aroB_alt2_probe	probe	25	EXACT	0		0	0	NZ_CP166124.1	+	421962	421986	1
primary	GCF_047420685.1	D/UW-3/Cx	PSD2_primary	PSD2_F	F	20	EXACT	0		0	0	NZ_CP166124.1	+	802814	802833	1
primary	GCF_047420685.1	D/UW-3/Cx	PSD2_primary	PSD2_R	R	20	EXACT	0		0	0	NZ_CP166124.1	-	803008	803027	1
primary	GCF_047420685.1	D/UW-3/Cx	PSD2_primary	PSD2_probe	probe	22	EXACT	0		0	0	NZ_CP166124.1	+	802962	802983	1
primary	GCF_047420685.1	D/UW-3/Cx	PSD2_alt1	PSD2_alt1_F	F	20	EXACT	0		0	0	NZ_CP166124.1	+	802397	802416	1
primary	GCF_047420685.1	D/UW-3/Cx	PSD2_alt1	PSD2_alt1_R	R	19	EXACT	0		0	0	NZ_CP166124.1	-	802460	802478	1
primary	GCF_047420685.1	D/UW-3/Cx	PSD2_alt1	PSD2_alt1_probe	probe	28	EXACT	0		0	0	NZ_CP166124.1	+	802432	802459	1
primary	GCF_047420685.1	D/UW-3/Cx	group_306	group_306_F	F	20	EXACT	0		0	0	NZ_CP166124.1	-	1015333	1015352	1
primary	GCF_047420685.1	D/UW-3/Cx	group_306	group_306_R	R	20	EXACT	0		0	0	NZ_CP166124.1	+	1015263	1015282	1
primary	GCF_047420685.1	D/UW-3/Cx	group_306	group_306_probe	probe	22	EXACT	0		0	0	NZ_CP166124.1	-	1015285	1015306	1
primary	GCF_047420695.1	C/TW-3/OT	mutL	mutL_F	F	20	EXACT	0		0	0	NZ_CP166125.1	-	650362	650381	1
primary	GCF_047420695.1	C/TW-3/OT	mutL	mutL_R	R	20	EXACT	0		0	0	NZ_CP166125.1	+	650255	650274	1
primary	GCF_047420695.1	C/TW-3/OT	mutL	mutL_probe	probe	22	EXACT	0		0	0	NZ_CP166125.1	-	650313	650334	1
primary	GCF_047420695.1	C/TW-3/OT	aroB_primary	aroB_F	F	20	EXACT	0		0	0	NZ_CP166125.1	+	423621	423640	1
primary	GCF_047420695.1	C/TW-3/OT	aroB_primary	aroB_R	R	20	EXACT	0		0	0	NZ_CP166125.1	-	423745	423764	1
primary	GCF_047420695.1	C/TW-3/OT	aroB_primary	aroB_probe	probe	25	EXACT	0		0	0	NZ_CP166125.1	+	423711	423735	1
primary	GCF_047420695.1	C/TW-3/OT	aroB_alt1	aroB_alt1_F	F	19	EXACT	0		0	0	NZ_CP166125.1	+	423270	423288	1
primary	GCF_047420695.1	C/TW-3/OT	aroB_alt1	aroB_alt1_R	R	20	EXACT	0		0	0	NZ_CP166125.1	-	423351	423370	1
primary	GCF_047420695.1	C/TW-3/OT	aroB_alt1	aroB_alt1_probe	probe	27	EXACT	0		0	0	NZ_CP166125.1	+	423289	423315	1
primary	GCF_047420695.1	C/TW-3/OT	aroB_alt2	aroB_alt2_F	F	21	EXACT	0		0	0	NZ_CP166125.1	+	424246	424266	1
primary	GCF_047420695.1	C/TW-3/OT	aroB_alt2	aroB_alt2_R	R	20	EXACT	0		0	0	NZ_CP166125.1	-	424308	424327	1
primary	GCF_047420695.1	C/TW-3/OT	aroB_alt2	aroB_alt2_probe	probe	25	EXACT	0		0	0	NZ_CP166125.1	+	424278	424302	1
primary	GCF_047420695.1	C/TW-3/OT	PSD2_primary	PSD2_F	F	20	EXACT	0		0	0	NZ_CP166125.1	+	805058	805077	1
primary	GCF_047420695.1	C/TW-3/OT	PSD2_primary	PSD2_R	R	20	EXACT	0		0	0	NZ_CP166125.1	-	805252	805271	1
primary	GCF_047420695.1	C/TW-3/OT	PSD2_primary	PSD2_probe	probe	22	EXACT	0		0	0	NZ_CP166125.1	+	805206	805227	1
primary	GCF_047420695.1	C/TW-3/OT	PSD2_alt1	PSD2_alt1_F	F	20	EXACT	0		0	0	NZ_CP166125.1	+	804641	804660	1
primary	GCF_047420695.1	C/TW-3/OT	PSD2_alt1	PSD2_alt1_R	R	19	EXACT	0		0	0	NZ_CP166125.1	-	804704	804722	1
primary	GCF_047420695.1	C/TW-3/OT	PSD2_alt1	PSD2_alt1_probe	probe	28	EXACT	0		0	0	NZ_CP166125.1	+	804676	804703	1
primary	GCF_047420695.1	C/TW-3/OT	group_306	group_306_F	F	20	EXACT	0		0	0	NZ_CP166125.1	-	1017450	1017469	1
primary	GCF_047420695.1	C/TW-3/OT	group_306	group_306_R	R	20	EXACT	0		0	0	NZ_CP166125.1	+	1017380	1017399	1
primary	GCF_047420695.1	C/TW-3/OT	group_306	group_306_probe	probe	22	EXACT	0		0	0	NZ_CP166125.1	-	1017402	1017423	1
primary	GCF_047420705.1	Ba/Apache-2	mutL	mutL_F	F	20	EXACT	0		0	0	NZ_CP166126.1	-	773584	773603	1
primary	GCF_047420705.1	Ba/Apache-2	mutL	mutL_R	R	20	EXACT	0		0	0	NZ_CP166126.1	+	773477	773496	1
primary	GCF_047420705.1	Ba/Apache-2	mutL	mutL_probe	probe	22	EXACT	0		0	0	NZ_CP166126.1	-	773535	773556	1
primary	GCF_047420705.1	Ba/Apache-2	aroB_primary	aroB_F	F	20	EXACT	0		0	0	NZ_CP166126.1	+	546546	546565	1
primary	GCF_047420705.1	Ba/Apache-2	aroB_primary	aroB_R	R	20	EXACT	0		0	0	NZ_CP166126.1	-	546670	546689	1
primary	GCF_047420705.1	Ba/Apache-2	aroB_primary	aroB_probe	probe	25	EXACT	0		0	0	NZ_CP166126.1	+	546636	546660	1
primary	GCF_047420705.1	Ba/Apache-2	aroB_alt1	aroB_alt1_F	F	19	EXACT	0		0	0	NZ_CP166126.1	+	546195	546213	1
primary	GCF_047420705.1	Ba/Apache-2	aroB_alt1	aroB_alt1_R	R	20	EXACT	0		0	0	NZ_CP166126.1	-	546276	546295	1
primary	GCF_047420705.1	Ba/Apache-2	aroB_alt1	aroB_alt1_probe	probe	27	EXACT	0		0	0	NZ_CP166126.1	+	546214	546240	1
primary	GCF_047420705.1	Ba/Apache-2	aroB_alt2	aroB_alt2_F	F	21	EXACT	0		0	0	NZ_CP166126.1	+	547171	547191	1
primary	GCF_047420705.1	Ba/Apache-2	aroB_alt2	aroB_alt2_R	R	20	EXACT	0		0	0	NZ_CP166126.1	-	547233	547252	1
primary	GCF_047420705.1	Ba/Apache-2	aroB_alt2	aroB_alt2_probe	probe	25	EXACT	0		0	0	NZ_CP166126.1	+	547203	547227	1
primary	GCF_047420705.1	Ba/Apache-2	PSD2_primary	PSD2_F	F	20	EXACT	0		0	0	NZ_CP166126.1	+	928260	928279	1
primary	GCF_047420705.1	Ba/Apache-2	PSD2_primary	PSD2_R	R	20	EXACT	0		0	0	NZ_CP166126.1	-	928454	928473	1
primary	GCF_047420705.1	Ba/Apache-2	PSD2_primary	PSD2_probe	probe	22	EXACT	0		0	0	NZ_CP166126.1	+	928408	928429	1
primary	GCF_047420705.1	Ba/Apache-2	PSD2_alt1	PSD2_alt1_F	F	20	EXACT	0		0	0	NZ_CP166126.1	+	927843	927862	1
primary	GCF_047420705.1	Ba/Apache-2	PSD2_alt1	PSD2_alt1_R	R	19	EXACT	0		0	0	NZ_CP166126.1	-	927906	927924	1
primary	GCF_047420705.1	Ba/Apache-2	PSD2_alt1	PSD2_alt1_probe	probe	28	EXACT	0		0	0	NZ_CP166126.1	+	927878	927905	1
primary	GCF_047420705.1	Ba/Apache-2	group_306	group_306_F	F	20	EXACT	0		0	0	NZ_CP166126.1	-	96314	96333	1
primary	GCF_047420705.1	Ba/Apache-2	group_306	group_306_R	R	20	EXACT	0		0	0	NZ_CP166126.1	+	96244	96263	1
primary	GCF_047420705.1	Ba/Apache-2	group_306	group_306_probe	probe	22	EXACT	0		0	0	NZ_CP166126.1	-	96266	96287	1
primary	GCF_047421435.1	A/Sa-1	mutL	mutL_F	F	20	EXACT	0		0	0	NZ_CP166128.1	-	650335	650354	1
primary	GCF_047421435.1	A/Sa-1	mutL	mutL_R	R	20	EXACT	0		0	0	NZ_CP166128.1	+	650228	650247	1
primary	GCF_047421435.1	A/Sa-1	mutL	mutL_probe	probe	22	EXACT	0		0	0	NZ_CP166128.1	-	650286	650307	1
primary	GCF_047421435.1	A/Sa-1	aroB_primary	aroB_F	F	20	EXACT	0		0	0	NZ_CP166128.1	+	423383	423402	1
primary	GCF_047421435.1	A/Sa-1	aroB_primary	aroB_R	R	20	EXACT	0		0	0	NZ_CP166128.1	-	423507	423526	1
primary	GCF_047421435.1	A/Sa-1	aroB_primary	aroB_probe	probe	25	EXACT	0		0	0	NZ_CP166128.1	+	423473	423497	1
primary	GCF_047421435.1	A/Sa-1	aroB_alt1	aroB_alt1_F	F	19	EXACT	0		0	0	NZ_CP166128.1	+	423032	423050	1
primary	GCF_047421435.1	A/Sa-1	aroB_alt1	aroB_alt1_R	R	20	EXACT	0		0	0	NZ_CP166128.1	-	423113	423132	1
primary	GCF_047421435.1	A/Sa-1	aroB_alt1	aroB_alt1_probe	probe	27	EXACT	0		0	0	NZ_CP166128.1	+	423051	423077	1
primary	GCF_047421435.1	A/Sa-1	aroB_alt2	aroB_alt2_F	F	21	EXACT	0		0	0	NZ_CP166128.1	+	424008	424028	1
primary	GCF_047421435.1	A/Sa-1	aroB_alt2	aroB_alt2_R	R	20	EXACT	0		0	0	NZ_CP166128.1	-	424070	424089	1
primary	GCF_047421435.1	A/Sa-1	aroB_alt2	aroB_alt2_probe	probe	25	EXACT	0		0	0	NZ_CP166128.1	+	424040	424064	1
primary	GCF_047421435.1	A/Sa-1	PSD2_primary	PSD2_F	F	20	EXACT	0		0	0	NZ_CP166128.1	+	805019	805038	1
primary	GCF_047421435.1	A/Sa-1	PSD2_primary	PSD2_R	R	20	EXACT	0		0	0	NZ_CP166128.1	-	805213	805232	1
primary	GCF_047421435.1	A/Sa-1	PSD2_primary	PSD2_probe	probe	22	EXACT	0		0	0	NZ_CP166128.1	+	805167	805188	1
primary	GCF_047421435.1	A/Sa-1	PSD2_alt1	PSD2_alt1_F	F	20	EXACT	0		0	0	NZ_CP166128.1	+	804602	804621	1
primary	GCF_047421435.1	A/Sa-1	PSD2_alt1	PSD2_alt1_R	R	19	EXACT	0		0	0	NZ_CP166128.1	-	804665	804683	1
primary	GCF_047421435.1	A/Sa-1	PSD2_alt1	PSD2_alt1_probe	probe	28	EXACT	0		0	0	NZ_CP166128.1	+	804637	804664	1
primary	GCF_047421435.1	A/Sa-1	group_306	group_306_F	F	20	EXACT	0		0	0	NZ_CP166128.1	-	995362	995381	1
primary	GCF_047421435.1	A/Sa-1	group_306	group_306_R	R	20	EXACT	0		0	0	NZ_CP166128.1	+	995292	995311	1
primary	GCF_047421435.1	A/Sa-1	group_306	group_306_probe	probe	22	EXACT	0		0	0	NZ_CP166128.1	-	995314	995335	1
primary	GCF_059083935.1	D/Ep6/S19-121	mutL	mutL_F	F	20	EXACT	0		0	0	NZ_CP194983.1	-	966882	966901	1
primary	GCF_059083935.1	D/Ep6/S19-121	mutL	mutL_R	R	20	EXACT	0		0	0	NZ_CP194983.1	+	966775	966794	1
primary	GCF_059083935.1	D/Ep6/S19-121	mutL	mutL_probe	probe	22	EXACT	0		0	0	NZ_CP194983.1	-	966833	966854	1
primary	GCF_059083935.1	D/Ep6/S19-121	aroB_primary	aroB_F	F	20	EXACT	0		0	0	NZ_CP194983.1	+	740039	740058	1
primary	GCF_059083935.1	D/Ep6/S19-121	aroB_primary	aroB_R	R	20	EXACT	0		0	0	NZ_CP194983.1	-	740163	740182	1
primary	GCF_059083935.1	D/Ep6/S19-121	aroB_primary	aroB_probe	probe	25	EXACT	0		0	0	NZ_CP194983.1	+	740129	740153	1
primary	GCF_059083935.1	D/Ep6/S19-121	aroB_alt1	aroB_alt1_F	F	19	EXACT	0		0	0	NZ_CP194983.1	+	739688	739706	1
primary	GCF_059083935.1	D/Ep6/S19-121	aroB_alt1	aroB_alt1_R	R	20	EXACT	0		0	0	NZ_CP194983.1	-	739769	739788	1
primary	GCF_059083935.1	D/Ep6/S19-121	aroB_alt1	aroB_alt1_probe	probe	27	EXACT	0		0	0	NZ_CP194983.1	+	739707	739733	1
primary	GCF_059083935.1	D/Ep6/S19-121	aroB_alt2	aroB_alt2_F	F	21	EXACT	0		0	0	NZ_CP194983.1	+	740664	740684	1
primary	GCF_059083935.1	D/Ep6/S19-121	aroB_alt2	aroB_alt2_R	R	20	EXACT	0		0	0	NZ_CP194983.1	-	740726	740745	1
primary	GCF_059083935.1	D/Ep6/S19-121	aroB_alt2	aroB_alt2_probe	probe	25	EXACT	0		0	0	NZ_CP194983.1	+	740696	740720	1
primary	GCF_059083935.1	D/Ep6/S19-121	PSD2_primary	PSD2_F	F	20	EXACT	0		0	0	NZ_CP194983.1	+	82573	82592	1
primary	GCF_059083935.1	D/Ep6/S19-121	PSD2_primary	PSD2_R	R	20	EXACT	0		0	0	NZ_CP194983.1	-	82767	82786	1
primary	GCF_059083935.1	D/Ep6/S19-121	PSD2_primary	PSD2_probe	probe	22	EXACT	0		0	0	NZ_CP194983.1	+	82721	82742	1
primary	GCF_059083935.1	D/Ep6/S19-121	PSD2_alt1	PSD2_alt1_F	F	20	EXACT	0		0	0	NZ_CP194983.1	+	82156	82175	1
primary	GCF_059083935.1	D/Ep6/S19-121	PSD2_alt1	PSD2_alt1_R	R	19	EXACT	0		0	0	NZ_CP194983.1	-	82219	82237	1
primary	GCF_059083935.1	D/Ep6/S19-121	PSD2_alt1	PSD2_alt1_probe	probe	28	EXACT	0		0	0	NZ_CP194983.1	+	82191	82218	1
primary	GCF_059083935.1	D/Ep6/S19-121	group_306	group_306_F	F	20	EXACT	0		0	0	NZ_CP194983.1	-	295098	295117	1
primary	GCF_059083935.1	D/Ep6/S19-121	group_306	group_306_R	R	20	EXACT	0		0	0	NZ_CP194983.1	+	295028	295047	1
primary	GCF_059083935.1	D/Ep6/S19-121	group_306	group_306_probe	probe	22	EXACT	0		0	0	NZ_CP194983.1	-	295050	295071	1
